Contract Number,COR Name,COR Dept. Number,COR E-mail Address
oxnfsatcpgcqumoa,ESPARZA MONICA T,2514,ESPARZA.MONICA.T.TEST@US.NAVY.MIL
ybayoqcvqhkx,GALVAN EMERSON O,8513,GALVAN.EMERSON.O.TEST@US.NAVY.MIL
knvylwjhoyqdfgpj,WILLIAMSON AVERY S,341,WILLIAMSON.AVERY.S.TEST@US.NAVY.MIL
ymvmbnigplydfrys,GONZALES ROWAN Y III,7022,GONZALES.ROWAN.Y.III.TEST@US.NAVY.MIL
kaypjubvncvxlsuz,PENA PAUL U,859,PENA.PAUL.U.TEST@US.NAVY.MIL
buhfdlzxfkdhswar,PENA PAUL U,859,PENA.PAUL.U.TEST@US.NAVY.MIL
cexqgzfbpdqzwhix,PENA PAUL U,859,PENA.PAUL.U.TEST@US.NAVY.MIL
vtemcndjxjetlpcz,HALEY TALON A DR,4544,HALEY.TALON.A.DR.TEST@US.NAVY.MIL
yfzwyenlztybgptfltvjp,PRUITT NICOLETTE L III,709,PRUITT.NICOLETTE.L.III.TEST@US.NAVY.MIL
zstjytiyhnjyvwnopavte,MILLS SHANNON M,159,MILLS.SHANNON.M.TEST@US.NAVY.MIL
awdjjeildcxicmwn,TYLER DARNELL T,4532,TYLER.DARNELL.T.TEST@US.NAVY.MIL
vgdpwcsqxyfkvtqv,TYLER DARNELL T,4532,TYLER.DARNELL.T.TEST@US.NAVY.MIL
qppksjlacxnjvequsmwjc,TYLER DARNELL T,4532,TYLER.DARNELL.T.TEST@US.NAVY.MIL
rgliqfwucgjpbkvstxtos,TYLER DARNELL T,4532,TYLER.DARNELL.T.TEST@US.NAVY.MIL
gvurhsxukidrdcqp,TYLER DARNELL T,4532,TYLER.DARNELL.T.TEST@US.NAVY.MIL
hrfzouylduximcrx,TYLER DARNELL T,4532,TYLER.DARNELL.T.TEST@US.NAVY.MIL
vyawxivxjxkivzvtgykue,CISNEROS GUNNER P,259,CISNEROS.GUNNER.P.TEST@US.NAVY.MIL
kdboceqztgwexhnwcuurn,CISNEROS GUNNER P,259,CISNEROS.GUNNER.P.TEST@US.NAVY.MIL
rzgxujcdvecrsvazevymt,BEST JULIE E,HQ02,BEST.JULIE.E.TEST@US.NAVY.MIL
hkrswdodiawndykn,NIXON ANDREAS Q,7003,NIXON.ANDREAS.Q.TEST@US.NAVY.MIL
zoplqiljomdekdmilvbxh,WYATT RYLEIGH O,3432,WYATT.RYLEIGH.O.TEST@US.NAVY.MIL
fpkfrqahiwztvtvbmfkgk,WYATT RYLEIGH O,3432,WYATT.RYLEIGH.O.TEST@US.NAVY.MIL
fwtcagwvcbiqfvvcaeramdlvbadsdzmkp,WYATT RYLEIGH O,3432,WYATT.RYLEIGH.O.TEST@US.NAVY.MIL
kujoaxyxckgbevnm,WYATT RYLEIGH O,3432,WYATT.RYLEIGH.O.TEST@US.NAVY.MIL
fszudutlnjzgtibgphtwc,AUSTIN NATALIA E,2531,AUSTIN.NATALIA.E.TEST@US.NAVY.MIL
bbfymqckjvrpvddiruvfj,AUSTIN NATALIA E,2531,AUSTIN.NATALIA.E.TEST@US.NAVY.MIL
rjaayveqqbnncpeymznpqohvtxwkxwlgn,AUSTIN NATALIA E,2531,AUSTIN.NATALIA.E.TEST@US.NAVY.MIL
bxzaohobbeuhykyq,AUSTIN NATALIA E,2531,AUSTIN.NATALIA.E.TEST@US.NAVY.MIL
evxmuyuzzvuxokttemrbzpxgmndkaiiso,AUSTIN NATALIA E,2531,AUSTIN.NATALIA.E.TEST@US.NAVY.MIL
oznvnihrhxqvmoqibihrd,AUSTIN NATALIA E,2531,AUSTIN.NATALIA.E.TEST@US.NAVY.MIL
tzqlukzrzmulbgwiijtslabwfni,AUSTIN NATALIA E,2531,AUSTIN.NATALIA.E.TEST@US.NAVY.MIL
gxkovsnrtcvuslvb,RUBIO SHAMAR F,3423,RUBIO.SHAMAR.F.TEST@US.NAVY.MIL
gohrbxugcrtlcoyp,LESTER SAVANNAH E,3432,LESTER.SAVANNAH.E.TEST@US.NAVY.MIL
rhsbvasqxrgvxmjk,MORA MICHAELA X,2542,MORA.MICHAELA.X.TEST@US.NAVY.MIL
bqlwazwlrhizpcvd,MORA MICHAELA X,2542,MORA.MICHAELA.X.TEST@US.NAVY.MIL
vpmfaxcmkwtmtrjt,MORA MICHAELA X,2542,MORA.MICHAELA.X.TEST@US.NAVY.MIL
duumanhdeynyaxkn,MONROE KOREY O,3412,MONROE.KOREY.O.TEST@US.NAVY.MIL
naggfmpvnpmfjpgx,FARLEY CANDACE Q,2542,FARLEY.CANDACE.Q.TEST@US.NAVY.MIL
warctdcsewmuhmzz,CORDOVA ISMAEL R,7012,CORDOVA.ISMAEL.R.TEST@US.NAVY.MIL
jekhqkpoceauklwkhnvws,CORDOVA ISMAEL R,7012,CORDOVA.ISMAEL.R.TEST@US.NAVY.MIL
nqasksrvoaybqcoqkqdig,CORDOVA ISMAEL R,7012,CORDOVA.ISMAEL.R.TEST@US.NAVY.MIL
vrksedcgbmhqohae,CORDOVA ISMAEL R,7012,CORDOVA.ISMAEL.R.TEST@US.NAVY.MIL
wquzvnkzyajidvrhuurqz,HOLDEN HOWARD S,2542,HOLDEN.HOWARD.S.TEST@US.NAVY.MIL
nwnjoaxelkdivjhiymryn,HOLDEN HOWARD S,2542,HOLDEN.HOWARD.S.TEST@US.NAVY.MIL
zjamgpmpqayordkouxppvucovkfimrvtl,HOLDEN HOWARD S,2542,HOLDEN.HOWARD.S.TEST@US.NAVY.MIL
elncbubnrvadobzkdsnry,HOLDEN HOWARD S,2542,HOLDEN.HOWARD.S.TEST@US.NAVY.MIL
igpgkpgfkaqmluathmrsv,HOLDEN HOWARD S,2542,HOLDEN.HOWARD.S.TEST@US.NAVY.MIL
vgatfeqoiytcfpjeepfaeyejxodgczmmo,HOLDEN HOWARD S,2542,HOLDEN.HOWARD.S.TEST@US.NAVY.MIL
zybvnydsrugwvtibtcsvldtdivnmsxsln,HOLDEN HOWARD S,2542,HOLDEN.HOWARD.S.TEST@US.NAVY.MIL
raslfcpnpoztufqe,HURLEY MARTIN T DR,8514,HURLEY.MARTIN.T.DR.TEST@US.NAVY.MIL
erjlmzrrqomurcpvifakq,HURLEY MARTIN T DR,8514,HURLEY.MARTIN.T.DR.TEST@US.NAVY.MIL
zvogtxfmwgaekfognrxog,HURLEY MARTIN T DR,8514,HURLEY.MARTIN.T.DR.TEST@US.NAVY.MIL
hpzccyckwaqnaqdaahyzh,HURLEY MARTIN T DR,8514,HURLEY.MARTIN.T.DR.TEST@US.NAVY.MIL
wzjtceryfchqwwyhjyyap,HURLEY MARTIN T DR,8514,HURLEY.MARTIN.T.DR.TEST@US.NAVY.MIL
kjqogywpxrnzdmkhlxspefdgvthnehefz,HURLEY MARTIN T DR,8514,HURLEY.MARTIN.T.DR.TEST@US.NAVY.MIL
lixjhmemrojatylbnrrej,HURLEY MARTIN T DR,8514,HURLEY.MARTIN.T.DR.TEST@US.NAVY.MIL
jrjjvombasqyrwqszvgnfbwzqxpczrqrz,HURLEY MARTIN T DR,8514,HURLEY.MARTIN.T.DR.TEST@US.NAVY.MIL
ozooupkszmzgsvilziflwxalxaoistkmq,HURLEY MARTIN T DR,8514,HURLEY.MARTIN.T.DR.TEST@US.NAVY.MIL
zausxnfxieraglvorfmzt,PERRY KEVIN U,859,PERRY.KEVIN.U.TEST@US.NAVY.MIL
raambljkgadgbnqz,HARMON TURNER K,3424,HARMON.TURNER.K.TEST@US.NAVY.MIL
ljocwlciowlqblgf,HARMON TURNER K,3424,HARMON.TURNER.K.TEST@US.NAVY.MIL
lncmvchwvdwedrkb,HARMON TURNER K,3424,HARMON.TURNER.K.TEST@US.NAVY.MIL
jobbtamnnhgusxnccmoynqmhjfasvhgmh,HARMON TURNER K,3424,HARMON.TURNER.K.TEST@US.NAVY.MIL
odofujmgayuejbhjxtxup,LAM ANA J JR,8552,LAM.ANA.J.JR.TEST@US.NAVY.MIL
sbfxcsfgnsighpvojubfxqpdrhfxgbtzr,LAM ANA J JR,8552,LAM.ANA.J.JR.TEST@US.NAVY.MIL
zhdrtypwfqgcvghicqotj,WEAVER JAYLEE M,0CA1,WEAVER.JAYLEE.M.TEST@US.NAVY.MIL
gccaekibefzrhlte,WEAVER JAYLEE M,0CA1,WEAVER.JAYLEE.M.TEST@US.NAVY.MIL
ufzjsyqpcgzeakvfrblvsedrudkgybanz,WEAVER JAYLEE M,0CA1,WEAVER.JAYLEE.M.TEST@US.NAVY.MIL
icavobqfbcobmxsssizlftxxafhkghtlm,MCCALL RONALDO V,2521,MCCALL.RONALDO.V.TEST@US.NAVY.MIL
kgzubfrgubyxxgjhwafjkogovusvneyuj,MCCALL RONALDO V,2521,MCCALL.RONALDO.V.TEST@US.NAVY.MIL
hzvqoqlztuzyfuchafevzijjzelkfsrtr,FRANCO CRUZ Y,3423,FRANCO.CRUZ.Y.TEST@US.NAVY.MIL
wonkpbjwrpzjqzjdmqprukwckjoorrvvr,FRANCO CRUZ Y,3423,FRANCO.CRUZ.Y.TEST@US.NAVY.MIL
ewbmjgvcnffzajke,MATHIS ISAAC J,1023,MATHIS.ISAAC.J.TEST@US.NAVY.MIL
jolfsrnvjhrozbtr,NEWTON AMIYAH J,8522,NEWTON.AMIYAH.J.TEST@US.NAVY.MIL
mmxulhzkvkmuygpnareid,KIDD LAYTON B,8542,KIDD.LAYTON.B.TEST@US.NAVY.MIL
akydtjjmtj,FRANCIS TRACY V III,1071,FRANCIS.TRACY.V.III.TEST@US.NAVY.MIL
wbxvfwwgyxwnbkcf,FRANCIS TRACY V III,1071,FRANCIS.TRACY.V.III.TEST@US.NAVY.MIL
psnzoerjxmrwirhz,TERRELL GORDON C,1555,TERRELL.GORDON.C.TEST@US.NAVY.MIL
glrqiolhpuxgwcuyfjdva,PAYNE DEJA D,349,PAYNE.DEJA.D.TEST@US.NAVY.MIL
jyxvitythixuxgxkkqrrs,AVILA HASSAN Z,1531,AVILA.HASSAN.Z.TEST@US.NAVY.MIL
osfbqlqdunwamhnjoafrirnntjbfrjfew,VILLEGAS DARRIUS I,1545,VILLEGAS.DARRIUS.I.TEST@US.NAVY.MIL
oavaizffbbzwkofn,OROZCO ALEXIA R,8522,OROZCO.ALEXIA.R.TEST@US.NAVY.MIL
kfrijbzufrhnuisj,OROZCO ALEXIA R,8522,OROZCO.ALEXIA.R.TEST@US.NAVY.MIL
rwjqqutbexvrtimk,CARROLL TERRENCE P,8551,CARROLL.TERRENCE.P.TEST@US.NAVY.MIL
wyjopmpcmbmaamts,FISCHER BEN P,251,FISCHER.BEN.P.TEST@US.NAVY.MIL
xsruhkhdejzukwau,BOOTH DESIREE W,00Q,BOOTH.DESIREE.W.TEST@US.NAVY.MIL
rnhuvigpegxdtplb,WILLIS MADYSON P,1021,WILLIS.MADYSON.P.TEST@US.NAVY.MIL
kgxmhxyhfxzercll,WILLIS MADYSON P,1021,WILLIS.MADYSON.P.TEST@US.NAVY.MIL
rdofdbxvnuigizay,JAMES ARTURO M,1021,JAMES.ARTURO.M.TEST@US.NAVY.MIL
zdpfxfslqncykvbgkvpqv,SCHMIDT ROBERT W,3424,SCHMIDT.ROBERT.W.TEST@US.NAVY.MIL
qgowwtgqxnkpaipjgjfgmwimkiskpbrua,SCHMIDT ROBERT W,3424,SCHMIDT.ROBERT.W.TEST@US.NAVY.MIL
iqxzygstovnjnootiqjgb,SCHMIDT ROBERT W,3424,SCHMIDT.ROBERT.W.TEST@US.NAVY.MIL
kcpzwzjphbhvxngllvhyiwzlqbtmgeyqm,SCHMIDT ROBERT W,3424,SCHMIDT.ROBERT.W.TEST@US.NAVY.MIL
pdspittwrrgvqvpdgeifi,KERR RASHAD M II,8524,KERR.RASHAD.M.II.TEST@US.NAVY.MIL
tznasjeljnldtrsqkwamigspntmkqcidx,KERR RASHAD M II,8524,KERR.RASHAD.M.II.TEST@US.NAVY.MIL
jhnmfimbokpmgtvztlvrw,KERR RASHAD M II,8524,KERR.RASHAD.M.II.TEST@US.NAVY.MIL
pawmbszyydqxelne,WALLER CAMERON I,1551,WALLER.CAMERON.I.TEST@US.NAVY.MIL
vdupnvonhtfjapqelkbll,NICHOLSON MACIE T,102,NICHOLSON.MACIE.T.TEST@US.NAVY.MIL
oglkylskcvivalug,FISCHER MAKENNA O,259,FISCHER.MAKENNA.O.TEST@US.NAVY.MIL
blmzhihdcnacvpcf,FISCHER MAKENNA O,259,FISCHER.MAKENNA.O.TEST@US.NAVY.MIL
zgrzybbzbnagtpuu,FISCHER MAKENNA O,259,FISCHER.MAKENNA.O.TEST@US.NAVY.MIL
kodbaluedlzlmfljkuihq,FISCHER MAKENNA O,259,FISCHER.MAKENNA.O.TEST@US.NAVY.MIL
mokukdtjbakoxtfd,FISCHER MAKENNA O,259,FISCHER.MAKENNA.O.TEST@US.NAVY.MIL
zibgghvvhrflehzc,FISCHER MAKENNA O,259,FISCHER.MAKENNA.O.TEST@US.NAVY.MIL
pvxztuqzxmmkhexmikjnhwkcvvdmhqeqa,MUELLER TRAVIS V III,34B,MUELLER.TRAVIS.V.III.TEST@US.NAVY.MIL
xmkgbouqrbintiwg,HUNTER LANE I JR,1551,HUNTER.LANE.I.JR.TEST@US.NAVY.MIL
spovchtqyqvfaimy,HAYNES PAXTON I JR,2511,HAYNES.PAXTON.I.JR.TEST@US.NAVY.MIL
joiciakxjbxopuzg,FRANCO JUDITH U DR,00T,FRANCO.JUDITH.U.DR.TEST@US.NAVY.MIL
gvgyqdnwtxiiyhgchcrwwoncn,FRANCO JUDITH U DR,00T,FRANCO.JUDITH.U.DR.TEST@US.NAVY.MIL
hdjghecbvdlbpctsqvwnj,WADE GINA F,1072,WADE.GINA.F.TEST@US.NAVY.MIL
nonqhiyjbbhxhquv,WADE GINA F,1072,WADE.GINA.F.TEST@US.NAVY.MIL
vapggmuykxsvgxqevhqma,WADE GINA F,1072,WADE.GINA.F.TEST@US.NAVY.MIL
tdrvzigqembcvxbb,RODRIGUEZ JAVION U,1535,RODRIGUEZ.JAVION.U.TEST@US.NAVY.MIL
ntebxcalzxwhcbxq,RODRIGUEZ JAVION U,1535,RODRIGUEZ.JAVION.U.TEST@US.NAVY.MIL
nxyqbcqgsqlayuaz,MEADOWS MADDISON S DR,709,MEADOWS.MADDISON.S.DR.TEST@US.NAVY.MIL
nkfvzprzazetizcrcypfeobbjnyrohikq,BRADLEY SANTIAGO D,2511,BRADLEY.SANTIAGO.D.TEST@US.NAVY.MIL
vwgbecnjllviqcgxthrip,BERRY JAILYN R,349,BERRY.JAILYN.R.TEST@US.NAVY.MIL
vqpuqhhhdnsrrcfe,VALDEZ CHANA O,10B1,VALDEZ.CHANA.O.TEST@US.NAVY.MIL
thtakimmpgitpsgmwrfec,SALAS ESTEFANIA W,HQ10,SALAS.ESTEFANIA.W.TEST@US.NAVY.MIL
berruurfxquwkqyn,SALAS ESTEFANIA W,HQ10,SALAS.ESTEFANIA.W.TEST@US.NAVY.MIL
wlfdwefgcaflcrbf,BONILLA NICKOLAS E,2521,BONILLA.NICKOLAS.E.TEST@US.NAVY.MIL
sqvtfkaponowcvtgkjyxs,MCCALL SARAHI Q,2533,MCCALL.SARAHI.Q.TEST@US.NAVY.MIL
nqkvxlbilfgvqztf,MCCALL SARAHI Q,2533,MCCALL.SARAHI.Q.TEST@US.NAVY.MIL
hyxvtgnkobqjctab,MCCALL SARAHI Q,2533,MCCALL.SARAHI.Q.TEST@US.NAVY.MIL
mjrdpisxphraxxhglyaxwgbmqqatjy,MCCALL SARAHI Q,2533,MCCALL.SARAHI.Q.TEST@US.NAVY.MIL
pnrghzyxuexbclwy,MCCALL SARAHI Q,2533,MCCALL.SARAHI.Q.TEST@US.NAVY.MIL
hbvllpgcxclfauxy,MCCALL SARAHI Q,2533,MCCALL.SARAHI.Q.TEST@US.NAVY.MIL
pqetrxtqyvhbqngfofiuu,FLOYD ANTONY K,2514,FLOYD.ANTONY.K.TEST@US.NAVY.MIL
ouvnlykbrgmpaqqxnnthh,FLOYD ANTONY K,2514,FLOYD.ANTONY.K.TEST@US.NAVY.MIL
ojelqgycopyrtdmv,HENRY BLAZE J,15B,HENRY.BLAZE.J.TEST@US.NAVY.MIL
snuzstxynnqgwnlkshnqz,SPENCER SIERRA A,60A,SPENCER.SIERRA.A.TEST@US.NAVY.MIL
kvfcbvhjpwrqwmfkyflln,SPENCER SIERRA A,60A,SPENCER.SIERRA.A.TEST@US.NAVY.MIL
dhrrsasdnydknzlkvduud,HOWE AMARE G,4542,HOWE.AMARE.G.TEST@US.NAVY.MIL
raqwzmjyxgbjjtgxfqqiq,HOWE AMARE G,4542,HOWE.AMARE.G.TEST@US.NAVY.MIL
dvurttbangkasrwzlnsyg,STRONG JOVANNI E JR,7031,STRONG.JOVANNI.E.JR.TEST@US.NAVY.MIL
tcmyxhxlyztmumhn,KNOX KARLEY U,153,KNOX.KARLEY.U.TEST@US.NAVY.MIL
amueeqgqwvwmasorsugah,KNOX KARLEY U,153,KNOX.KARLEY.U.TEST@US.NAVY.MIL
hvhchjkflcxcsepp,KOCH CALEB H,1021,KOCH.CALEB.H.TEST@US.NAVY.MIL
iuozrvyhrlhpknjrthlmz,LEVINE JOEL H,021,LEVINE.JOEL.H.TEST@US.NAVY.MIL
fquuixtbdvejpfgwykydi,LEVINE JOEL H,021,LEVINE.JOEL.H.TEST@US.NAVY.MIL
cnrkxvihtntmujdfmfzgm,LEVINE JOEL H,021,LEVINE.JOEL.H.TEST@US.NAVY.MIL
qyhmhpaounbpjnvhvcvfw,LEVINE JOEL H,021,LEVINE.JOEL.H.TEST@US.NAVY.MIL
xjotbtuouhioggkwovbox,LEVINE JOEL H,021,LEVINE.JOEL.H.TEST@US.NAVY.MIL
kqxxqqtbcnxrmpdomqfii,LEVINE JOEL H,021,LEVINE.JOEL.H.TEST@US.NAVY.MIL
ohydkajuhqypanxtrzxlu,LEVINE JOEL H,021,LEVINE.JOEL.H.TEST@US.NAVY.MIL
uikjsoiqgxfzwvvsshmhd,LEVINE JOEL H,021,LEVINE.JOEL.H.TEST@US.NAVY.MIL
thqxvoqwtmjyqkqfbmyqt,LEVINE JOEL H,021,LEVINE.JOEL.H.TEST@US.NAVY.MIL
sbzsislemhbkmfotfcuih,LEVINE JOEL H,021,LEVINE.JOEL.H.TEST@US.NAVY.MIL
jyufwjwpidkyuznmherpx,LEVINE JOEL H,021,LEVINE.JOEL.H.TEST@US.NAVY.MIL
qimhqejijytesraz,LEVINE JOEL H,021,LEVINE.JOEL.H.TEST@US.NAVY.MIL
ihsxhbgxkyheuurd,LEVINE JOEL H,021,LEVINE.JOEL.H.TEST@US.NAVY.MIL
mnsqwwmnuuuwabki,LEVINE JOEL H,021,LEVINE.JOEL.H.TEST@US.NAVY.MIL
uyhxkeyqvtvdkzhr,LEVINE JOEL H,021,LEVINE.JOEL.H.TEST@US.NAVY.MIL
egbllnvlcvospuby,LEVINE JOEL H,021,LEVINE.JOEL.H.TEST@US.NAVY.MIL
dinqvgrccoyqizai,LEVINE JOEL H,021,LEVINE.JOEL.H.TEST@US.NAVY.MIL
jamdbnzgjivqpwce,LEVINE JOEL H,021,LEVINE.JOEL.H.TEST@US.NAVY.MIL
kckcuriyzvyscbwj,LEVINE JOEL H,021,LEVINE.JOEL.H.TEST@US.NAVY.MIL
kgefphzgjygokjhz,LEVINE JOEL H,021,LEVINE.JOEL.H.TEST@US.NAVY.MIL
krjgzwazomzpvtrzkcnjl,LEVINE JOEL H,021,LEVINE.JOEL.H.TEST@US.NAVY.MIL
hhkjuabicdxaqfncfkfhq,LEVINE JOEL H,021,LEVINE.JOEL.H.TEST@US.NAVY.MIL
hjcutothaezhazozegqoo,LEVINE JOEL H,021,LEVINE.JOEL.H.TEST@US.NAVY.MIL
clawmfuhlensiilolqjau,LEVINE JOEL H,021,LEVINE.JOEL.H.TEST@US.NAVY.MIL
iklhpovbpfsqpirpjeqye,LEVINE JOEL H,021,LEVINE.JOEL.H.TEST@US.NAVY.MIL
vxanvwemccmncurabugju,LEVINE JOEL H,021,LEVINE.JOEL.H.TEST@US.NAVY.MIL
jghlswxfnhviqlututrta,LEVINE JOEL H,021,LEVINE.JOEL.H.TEST@US.NAVY.MIL
rcnldklcofgujjqgkmiqz,LEVINE JOEL H,021,LEVINE.JOEL.H.TEST@US.NAVY.MIL
ajlswxgquweijjpkclsae,LEVINE JOEL H,021,LEVINE.JOEL.H.TEST@US.NAVY.MIL
ymytvzqmeuvimagdcipev,LEVINE JOEL H,021,LEVINE.JOEL.H.TEST@US.NAVY.MIL
ehldnysgyxtlrqherztue,LEVINE JOEL H,021,LEVINE.JOEL.H.TEST@US.NAVY.MIL
eugtiumwffpluavvgjoxa,LEVINE JOEL H,021,LEVINE.JOEL.H.TEST@US.NAVY.MIL
tpponmhuwhbhomlobxoxs,LEVINE JOEL H,021,LEVINE.JOEL.H.TEST@US.NAVY.MIL
fvwmizsphdtbhshaqbtkp,LEVINE JOEL H,021,LEVINE.JOEL.H.TEST@US.NAVY.MIL
tveamekdrsjbqogmlkanf,LEVINE JOEL H,021,LEVINE.JOEL.H.TEST@US.NAVY.MIL
ohjlskdqmifetjgc,LEACH MILEY L DR,721,LEACH.MILEY.L.DR.TEST@US.NAVY.MIL
ivfiuurvyanxsjylujrmo,BARNES CORNELIUS D,2531,BARNES.CORNELIUS.D.TEST@US.NAVY.MIL
rgbrqpjpbegitzmztcpuuzrllbsdsihpb,BARNES CORNELIUS D,2531,BARNES.CORNELIUS.D.TEST@US.NAVY.MIL
midnkqaxwdmvbuouailrn,BARNES CORNELIUS D,2531,BARNES.CORNELIUS.D.TEST@US.NAVY.MIL
krmosanwenxodvmxmoamr,WASHINGTON KEYSHAWN W,8554,WASHINGTON.KEYSHAWN.W.TEST@US.NAVY.MIL
ecanpibajoaafuynbtsgpyzgzysmaiinm,WASHINGTON KEYSHAWN W,8554,WASHINGTON.KEYSHAWN.W.TEST@US.NAVY.MIL
ykowjeuixaqyzkov,COSTA TEAGAN B,1061,COSTA.TEAGAN.B.TEST@US.NAVY.MIL
foincpgynmnvplrdrhzjt,MANN KANE V,349,MANN.KANE.V.TEST@US.NAVY.MIL
tzwkhdskjcwexyun,MANN KANE V,349,MANN.KANE.V.TEST@US.NAVY.MIL
phahxjdtbiimfcakmubjz,MANN KANE V,349,MANN.KANE.V.TEST@US.NAVY.MIL
lwzgqvvmufohxhwbjjqtt,LUCERO SHEILA P,3432,LUCERO.SHEILA.P.TEST@US.NAVY.MIL
cdwiwlkghqnnitxxbixyc,LUCERO SHEILA P,3432,LUCERO.SHEILA.P.TEST@US.NAVY.MIL
qdmqpmkckyznwymb,LUCERO SHEILA P,3432,LUCERO.SHEILA.P.TEST@US.NAVY.MIL
yrezmznbymqjxirf,LUCERO SHEILA P,3432,LUCERO.SHEILA.P.TEST@US.NAVY.MIL
admivxldwwtwhqvtnnnbtrrcgkjnyjetr,LUCERO SHEILA P,3432,LUCERO.SHEILA.P.TEST@US.NAVY.MIL
kunfkbwyhvtwvrqvdylwx,LUCERO SHEILA P,3432,LUCERO.SHEILA.P.TEST@US.NAVY.MIL
pdozhqwoypvvhkevisktcgvbjngtomoki,LUCERO SHEILA P,3432,LUCERO.SHEILA.P.TEST@US.NAVY.MIL
vxrhdzrxygliuxoshmpog,LUCERO SHEILA P,3432,LUCERO.SHEILA.P.TEST@US.NAVY.MIL
jbkrbpetqosctittirxasztmyjzcymdin,LUCERO SHEILA P,3432,LUCERO.SHEILA.P.TEST@US.NAVY.MIL
jwfvijmmfxblqwsukcimp,LUCERO SHEILA P,3432,LUCERO.SHEILA.P.TEST@US.NAVY.MIL
lfumspvcbcrdmfkbgjtqvsocdqoxmlgjx,LUCERO SHEILA P,3432,LUCERO.SHEILA.P.TEST@US.NAVY.MIL
gocouzrlqbmgvbuo,LUCERO SHEILA P,3432,LUCERO.SHEILA.P.TEST@US.NAVY.MIL
jhqxwkoxpjnqoinzriyjbqqagsqtepqaj,LUCERO SHEILA P,3432,LUCERO.SHEILA.P.TEST@US.NAVY.MIL
ppikqqaqdcetvtfhrtqyy,PAGE RILEY Y,1532,PAGE.RILEY.Y.TEST@US.NAVY.MIL
dyfroxaorxmfqqdvvcljo,PAGE RILEY Y,1532,PAGE.RILEY.Y.TEST@US.NAVY.MIL
ykrxhuvldgeceekrtynkl,PAGE RILEY Y,1532,PAGE.RILEY.Y.TEST@US.NAVY.MIL
rwncqnwrtorvfrglugujz,PAGE RILEY Y,1532,PAGE.RILEY.Y.TEST@US.NAVY.MIL
zbimzbnattyaalpq,OCONNOR LEILA Q,8544,OCONNOR.LEILA.Q.TEST@US.NAVY.MIL
xnggaeazixbdjjzt,TAPIA PRECIOUS S,2523,TAPIA.PRECIOUS.S.TEST@US.NAVY.MIL
fuqnornaxrrdwnlo,KIM HAYLIE X,3422,KIM.HAYLIE.X.TEST@US.NAVY.MIL
xkwvnlxufhicgvaipnhvp,KIM HAYLIE X,3422,KIM.HAYLIE.X.TEST@US.NAVY.MIL
hapjdygcftekoexn,KIM HAYLIE X,3422,KIM.HAYLIE.X.TEST@US.NAVY.MIL
plwaovnwhvdmzmiwlcscu,KIM HAYLIE X,3422,KIM.HAYLIE.X.TEST@US.NAVY.MIL
cmbkolubrstaybcd,RICHARD TRACE Z,00T,RICHARD.TRACE.Z.TEST@US.NAVY.MIL
ouewljyywzxezumlxzqto,RICHARD TRACE Z,00T,RICHARD.TRACE.Z.TEST@US.NAVY.MIL
gtdgnygiyehfjhsp,RICHARD TRACE Z,00T,RICHARD.TRACE.Z.TEST@US.NAVY.MIL
mengzfaldwdocvtt,RICHARD TRACE Z,00T,RICHARD.TRACE.Z.TEST@US.NAVY.MIL
shapavnxtrbisgov,RICHARD TRACE Z,00T,RICHARD.TRACE.Z.TEST@US.NAVY.MIL
aioypktjfmu,RICHARD TRACE Z,00T,RICHARD.TRACE.Z.TEST@US.NAVY.MIL
lfrphyurialnjvze,RICHARD TRACE Z,00T,RICHARD.TRACE.Z.TEST@US.NAVY.MIL
ppkzixrqpissxrou,RICHARD TRACE Z,00T,RICHARD.TRACE.Z.TEST@US.NAVY.MIL
jtcjapvtlftjmqxe,RICHARD TRACE Z,00T,RICHARD.TRACE.Z.TEST@US.NAVY.MIL
jxeubhzofpmaaguh,CHRISTENSEN MICAELA A JR,343,CHRISTENSEN.MICAELA.A.JR.TEST@US.NAVY.MIL
bbkrikyakuvuwzdzzvfcd,CHRISTENSEN MICAELA A JR,343,CHRISTENSEN.MICAELA.A.JR.TEST@US.NAVY.MIL
rzhvaqupivhkieat,SKINNER KRISH Y,259,SKINNER.KRISH.Y.TEST@US.NAVY.MIL
mnmepqkwaavdntva,FRIEDMAN JAVON T,1051,FRIEDMAN.JAVON.T.TEST@US.NAVY.MIL
yjiyrxmszpmtn,FRIEDMAN JAVON T,1051,FRIEDMAN.JAVON.T.TEST@US.NAVY.MIL
umitukerubdujuzx,FRIEDMAN JAVON T,1051,FRIEDMAN.JAVON.T.TEST@US.NAVY.MIL
rbfwojdgqnrrwfxq,FRIEDMAN JAVON T,1051,FRIEDMAN.JAVON.T.TEST@US.NAVY.MIL
ntmxnlfyliideikc,FRIEDMAN JAVON T,1051,FRIEDMAN.JAVON.T.TEST@US.NAVY.MIL
operonwgxqopspzk,FRIEDMAN JAVON T,1051,FRIEDMAN.JAVON.T.TEST@US.NAVY.MIL
zlpadhwhrfchynzs,FRIEDMAN JAVON T,1051,FRIEDMAN.JAVON.T.TEST@US.NAVY.MIL
mftysncmzxmnsrhdx,FRIEDMAN JAVON T,1051,FRIEDMAN.JAVON.T.TEST@US.NAVY.MIL
ktevlqrrlhcydsws,FRIEDMAN JAVON T,1051,FRIEDMAN.JAVON.T.TEST@US.NAVY.MIL
uscisscfxqekxuer,FRIEDMAN JAVON T,1051,FRIEDMAN.JAVON.T.TEST@US.NAVY.MIL
kydpxljdwzbdnzxz,FRIEDMAN JAVON T,1051,FRIEDMAN.JAVON.T.TEST@US.NAVY.MIL
snatpymyckvpwdhp,FRIEDMAN JAVON T,1051,FRIEDMAN.JAVON.T.TEST@US.NAVY.MIL
tjlfpqiozwwnrbut,FRIEDMAN JAVON T,1051,FRIEDMAN.JAVON.T.TEST@US.NAVY.MIL
ynxlxdapauhfdhvqb,FRIEDMAN JAVON T,1051,FRIEDMAN.JAVON.T.TEST@US.NAVY.MIL
mologronpdnysmv,FRIEDMAN JAVON T,1051,FRIEDMAN.JAVON.T.TEST@US.NAVY.MIL
tosgdrbcjpuexehk,FRIEDMAN JAVON T,1051,FRIEDMAN.JAVON.T.TEST@US.NAVY.MIL
psvzhzxjzxceuugw,FRIEDMAN JAVON T,1051,FRIEDMAN.JAVON.T.TEST@US.NAVY.MIL
kdciuttnkgwosauw,FRIEDMAN JAVON T,1051,FRIEDMAN.JAVON.T.TEST@US.NAVY.MIL
ncmmwdlnabxkwioy,FRIEDMAN JAVON T,1051,FRIEDMAN.JAVON.T.TEST@US.NAVY.MIL
xnfxnqmydcgkieas,FRIEDMAN JAVON T,1051,FRIEDMAN.JAVON.T.TEST@US.NAVY.MIL
vnioxwcmvzwyzsqwppybf,FRIEDMAN JAVON T,1051,FRIEDMAN.JAVON.T.TEST@US.NAVY.MIL
afuxdygmgrqmcgdn,FRIEDMAN JAVON T,1051,FRIEDMAN.JAVON.T.TEST@US.NAVY.MIL
tvcnnvwthiecpeqfjfwqn,FRIEDMAN JAVON T,1051,FRIEDMAN.JAVON.T.TEST@US.NAVY.MIL
hvltexukdltvlybd,FRIEDMAN JAVON T,1051,FRIEDMAN.JAVON.T.TEST@US.NAVY.MIL
qztbecfwcbmqakzulordk,FRIEDMAN JAVON T,1051,FRIEDMAN.JAVON.T.TEST@US.NAVY.MIL
qhdfbqnxgfijxefq,FRIEDMAN JAVON T,1051,FRIEDMAN.JAVON.T.TEST@US.NAVY.MIL
ptepsonbinvmytgk,FRIEDMAN JAVON T,1051,FRIEDMAN.JAVON.T.TEST@US.NAVY.MIL
depzdvvcybdflmst,FRIEDMAN JAVON T,1051,FRIEDMAN.JAVON.T.TEST@US.NAVY.MIL
uewwoytudknctxqj,FRIEDMAN JAVON T,1051,FRIEDMAN.JAVON.T.TEST@US.NAVY.MIL
qndhekgfzfyhathn,FRIEDMAN JAVON T,1051,FRIEDMAN.JAVON.T.TEST@US.NAVY.MIL
slhvuntzvajtfwpj,FRIEDMAN JAVON T,1051,FRIEDMAN.JAVON.T.TEST@US.NAVY.MIL
wgxigkpykucesytr,FRIEDMAN JAVON T,1051,FRIEDMAN.JAVON.T.TEST@US.NAVY.MIL
emmmutuivnyeqkfh,FRIEDMAN JAVON T,1051,FRIEDMAN.JAVON.T.TEST@US.NAVY.MIL
tgkwqrphwmvhoshzbywkj,FRIEDMAN JAVON T,1051,FRIEDMAN.JAVON.T.TEST@US.NAVY.MIL
fswoeagpptugjbehodfuh,FRIEDMAN JAVON T,1051,FRIEDMAN.JAVON.T.TEST@US.NAVY.MIL
dneixrohvryhnxwkbdvxl,FRIEDMAN JAVON T,1051,FRIEDMAN.JAVON.T.TEST@US.NAVY.MIL
qfmzzzrjhqvryhls,FRIEDMAN JAVON T,1051,FRIEDMAN.JAVON.T.TEST@US.NAVY.MIL
cqbcardmdywfdsxtotcqj,FRIEDMAN JAVON T,1051,FRIEDMAN.JAVON.T.TEST@US.NAVY.MIL
smpohijwacrkfwbluvxzj,FRIEDMAN JAVON T,1051,FRIEDMAN.JAVON.T.TEST@US.NAVY.MIL
bshbpkspcapulznz,FRIEDMAN JAVON T,1051,FRIEDMAN.JAVON.T.TEST@US.NAVY.MIL
fbkpwlgfnowhlmowhhqff,OCONNELL RONALD R,7001,OCONNELL.RONALD.R.TEST@US.NAVY.MIL
cndkotzoymufcszz,PETTY KIRSTEN L,1542,PETTY.KIRSTEN.L.TEST@US.NAVY.MIL
fkrxiolaggttsabrhnnxl,BULLOCK PAXTON Q,4523,BULLOCK.PAXTON.Q.TEST@US.NAVY.MIL
huplhwuwawkxwvyontjcd,BULLOCK PAXTON Q,4523,BULLOCK.PAXTON.Q.TEST@US.NAVY.MIL
plrhlcbcmqgwnabsktjhs,CABRERA ANNABELLE K,8515,CABRERA.ANNABELLE.K.TEST@US.NAVY.MIL
hbvwkxsrposkczkm,HUGHES MARQUISE Y,1532,HUGHES.MARQUISE.Y.TEST@US.NAVY.MIL
hsuuydizircfihap,HUGHES MARQUISE Y,1532,HUGHES.MARQUISE.Y.TEST@US.NAVY.MIL
emlhikpovquubckt,HUGHES MARQUISE Y,1532,HUGHES.MARQUISE.Y.TEST@US.NAVY.MIL
yaxucittmxpokaxqzcfsnlgmhbiyccull,HUGHES MARQUISE Y,1532,HUGHES.MARQUISE.Y.TEST@US.NAVY.MIL
cwqvrctucuhlaovoqhhdh,HUGHES MARQUISE Y,1532,HUGHES.MARQUISE.Y.TEST@US.NAVY.MIL
vvmsggbzxpgmymnw,HUGHES MARQUISE Y,1532,HUGHES.MARQUISE.Y.TEST@US.NAVY.MIL
ecbduilqlopsdgychaqxnxhduncsgwwya,HUGHES MARQUISE Y,1532,HUGHES.MARQUISE.Y.TEST@US.NAVY.MIL
hcwhwrpiorhwpkng,HUGHES MARQUISE Y,1532,HUGHES.MARQUISE.Y.TEST@US.NAVY.MIL
hftlyiuscctazuel,YANG MAXWELL N,0212,YANG.MAXWELL.N.TEST@US.NAVY.MIL
ljhybrmnosxpwlde,HOOPER VINCENT I DR,HQ00X,HOOPER.VINCENT.I.DR.TEST@US.NAVY.MIL
dxjgbbsdvnlgllgrlvnms,FERRELL JAMES V,HQ02,FERRELL.JAMES.V.TEST@US.NAVY.MIL
etdidwviaobttrbolanhx,YU LUCILLE I,3412,YU.LUCILLE.I.TEST@US.NAVY.MIL
flacgdgbhdevhwhvorwfl,YU LUCILLE I,3412,YU.LUCILLE.I.TEST@US.NAVY.MIL
aamxibvziiqgtkfrtsyflvztufrhpxqig,YU LUCILLE I,3412,YU.LUCILLE.I.TEST@US.NAVY.MIL
rxrfulllvbruwojm,NOLAN ARACELY B,HQ00I,NOLAN.ARACELY.B.TEST@US.NAVY.MIL
xyorcawjplkhlbyo,BENTLEY ALLEN O,2512,BENTLEY.ALLEN.O.TEST@US.NAVY.MIL
fyliatwvicylwgofjhtkd,BENTLEY ALLEN O,2512,BENTLEY.ALLEN.O.TEST@US.NAVY.MIL
wcziwewsvdbdlzba,BENTLEY ALLEN O,2512,BENTLEY.ALLEN.O.TEST@US.NAVY.MIL
emzizyyjhgferzmj,MCINTYRE CALEB W,8553,MCINTYRE.CALEB.W.TEST@US.NAVY.MIL
fpcrapyofutxulwyigphx,OROZCO NICOLAS B,7001,OROZCO.NICOLAS.B.TEST@US.NAVY.MIL
avaqptubizclqfmtbyfqk,OROZCO NICOLAS B,7001,OROZCO.NICOLAS.B.TEST@US.NAVY.MIL
xlticylgwkvsqxewrtoln,OROZCO NICOLAS B,7001,OROZCO.NICOLAS.B.TEST@US.NAVY.MIL
nuznfkmetvybmbhlyyyiv,OROZCO NICOLAS B,7001,OROZCO.NICOLAS.B.TEST@US.NAVY.MIL
vnjdyztevneobzfttqaeq,CARNEY ZAVIER M,1534,CARNEY.ZAVIER.M.TEST@US.NAVY.MIL
hpusgycwgxeltxum,HOWARD AIYANA C,1021,HOWARD.AIYANA.C.TEST@US.NAVY.MIL
ntopxuoiirhlsklf,HOWARD AIYANA C,1021,HOWARD.AIYANA.C.TEST@US.NAVY.MIL
vwjdcchknnxaquqb,HOWARD AIYANA C,1021,HOWARD.AIYANA.C.TEST@US.NAVY.MIL
xqrfmazaimqsbwqe,HOWARD AIYANA C,1021,HOWARD.AIYANA.C.TEST@US.NAVY.MIL
ypyghbakatfjyygn,HOWARD AIYANA C,1021,HOWARD.AIYANA.C.TEST@US.NAVY.MIL
mdtarjbkdkwyzkvv,HOWARD AIYANA C,1021,HOWARD.AIYANA.C.TEST@US.NAVY.MIL
fvlpxgnnkcyuepkx,HOWARD AIYANA C,1021,HOWARD.AIYANA.C.TEST@US.NAVY.MIL
hxarnhgnfryavrmy,HOWARD AIYANA C,1021,HOWARD.AIYANA.C.TEST@US.NAVY.MIL
qpdgauegmndpvtlz,HOWARD AIYANA C,1021,HOWARD.AIYANA.C.TEST@US.NAVY.MIL
vjslfwlxzxfqfmtu,HOWARD AIYANA C,1021,HOWARD.AIYANA.C.TEST@US.NAVY.MIL
htfdntuomxnwmzbi,HOWARD AIYANA C,1021,HOWARD.AIYANA.C.TEST@US.NAVY.MIL
fxcztsxuwfwurtdw,HOWARD AIYANA C,1021,HOWARD.AIYANA.C.TEST@US.NAVY.MIL
ylqxpkpndtarfwhw,HOWARD AIYANA C,1021,HOWARD.AIYANA.C.TEST@US.NAVY.MIL
avmdwjhctcggfqtbvpnbb,MILES TYLOR W,2522,MILES.TYLOR.W.TEST@US.NAVY.MIL
htqqapbslpipsauj,BUTLER EZEKIEL A,0CA1,BUTLER.EZEKIEL.A.TEST@US.NAVY.MIL
jxckswawqcblhfmw,VILLEGAS MARCEL Q,8551,VILLEGAS.MARCEL.Q.TEST@US.NAVY.MIL
iuvrijibgaafxmpv,VILLEGAS MARCEL Q,8551,VILLEGAS.MARCEL.Q.TEST@US.NAVY.MIL
isipcdtomfwhrjqm,VILLEGAS MARCEL Q,8551,VILLEGAS.MARCEL.Q.TEST@US.NAVY.MIL
ametqjbdedggfoil,GORDON HAILEY Z II,7023,GORDON.HAILEY.Z.II.TEST@US.NAVY.MIL
brnuijkitjkfjviqgpzus,BONILLA COLLIN V,8555,BONILLA.COLLIN.V.TEST@US.NAVY.MIL
xeryfinwejhkqakvayjrt,BONILLA COLLIN V,8555,BONILLA.COLLIN.V.TEST@US.NAVY.MIL
kctejatxhjfrflacmqtjgsdqfzbclumel,BONILLA COLLIN V,8555,BONILLA.COLLIN.V.TEST@US.NAVY.MIL
wrlaxdcjxdgfxqcs,OLIVER NATHANIEL N,1021,OLIVER.NATHANIEL.N.TEST@US.NAVY.MIL
mvrvohykglrxuhygbstsr,MAY RHETT U,1553,MAY.RHETT.U.TEST@US.NAVY.MIL
spqxkyxnuzchdpmdvrgbgswdicqzdwgqn,SUTTON ANTONIA D,2513,SUTTON.ANTONIA.D.TEST@US.NAVY.MIL
nfvewfgccniqabpycxfzx,LIU GIANCARLO O,4514,LIU.GIANCARLO.O.TEST@US.NAVY.MIL
weunkdgblgwjvnncmcyvl,LIU GIANCARLO O,4514,LIU.GIANCARLO.O.TEST@US.NAVY.MIL
gxhewrcvbdigtkkzojxau,LIU GIANCARLO O,4514,LIU.GIANCARLO.O.TEST@US.NAVY.MIL
daghcipwxyfbrudejslbh,LIU GIANCARLO O,4514,LIU.GIANCARLO.O.TEST@US.NAVY.MIL
qwvwqrxjzkopgjaoyozxo,LIU GIANCARLO O,4514,LIU.GIANCARLO.O.TEST@US.NAVY.MIL
cowncojetnbdrgzm,LIU GIANCARLO O,4514,LIU.GIANCARLO.O.TEST@US.NAVY.MIL
xzawmlnmiybbkmgq,HOWELL AMANDA M,2543,HOWELL.AMANDA.M.TEST@US.NAVY.MIL
pxjjnfybkkdclgnq,WOLF LIZETH U,8512,WOLF.LIZETH.U.TEST@US.NAVY.MIL
iyqeklgtadarianc,GARCIA KOLBY T,259,GARCIA.KOLBY.T.TEST@US.NAVY.MIL
hmetsckxhtdqstlyyjvwd,WOODS MATHIAS N,1555,WOODS.MATHIAS.N.TEST@US.NAVY.MIL
ucjiovpcpvebqvqo,BOYLE SHANE W,7001,BOYLE.SHANE.W.TEST@US.NAVY.MIL
tvyrgfzxncbkzzwefimks,HOUSE GABRIELLE K,253,HOUSE.GABRIELLE.K.TEST@US.NAVY.MIL
zklhflinwixfqkzjjwshp,HOUSE GABRIELLE K,253,HOUSE.GABRIELLE.K.TEST@US.NAVY.MIL
naqtzthsqrmmwmdkcyznh,KNAPP BRYAN P,8532,KNAPP.BRYAN.P.TEST@US.NAVY.MIL
azeofkmjyrhxwarbfvfmy,KNAPP BRYAN P,8532,KNAPP.BRYAN.P.TEST@US.NAVY.MIL
cxferdpipqcocfapxsupp,KNAPP BRYAN P,8532,KNAPP.BRYAN.P.TEST@US.NAVY.MIL
zecokeeantjlzpovlylsrqczhttocyjfm,HARRIS WADE E,252,HARRIS.WADE.E.TEST@US.NAVY.MIL
vxyziozexvohpaoe,WISE YUSUF I,0223,WISE.YUSUF.I.TEST@US.NAVY.MIL
fzxhnczyxvmnvvwy,CHANEY HAILEY D,1021,CHANEY.HAILEY.D.TEST@US.NAVY.MIL
igkbgmycsxcggueq,CHANEY HAILEY D,1021,CHANEY.HAILEY.D.TEST@US.NAVY.MIL
kbqincgqrdwwenwx,CHANEY HAILEY D,1021,CHANEY.HAILEY.D.TEST@US.NAVY.MIL
jlsvyjenbdbfxckp,CHANEY HAILEY D,1021,CHANEY.HAILEY.D.TEST@US.NAVY.MIL
jgnukrfnbbcymqpc,BENNETT YASMINE H,2514,BENNETT.YASMINE.H.TEST@US.NAVY.MIL
smfvdfufbogxzrpv,BENNETT YASMINE H,2514,BENNETT.YASMINE.H.TEST@US.NAVY.MIL
fzwulcrifjrhqdchlctuy,MACDONALD EUGENE H,8501,MACDONALD.EUGENE.H.TEST@US.NAVY.MIL
lyblkqljrerwtujh,CASTILLO LIBBY K,159,CASTILLO.LIBBY.K.TEST@US.NAVY.MIL
tjyehaxdxzjdeslm,CASTILLO LIBBY K,159,CASTILLO.LIBBY.K.TEST@US.NAVY.MIL
itcxjjncoaghyeab,CASTILLO LIBBY K,159,CASTILLO.LIBBY.K.TEST@US.NAVY.MIL
idypglakoxpvmunj,MAYER HAVEN S,3432,MAYER.HAVEN.S.TEST@US.NAVY.MIL
zfnsvqlwrnckvzuf,MAYER HAVEN S,3432,MAYER.HAVEN.S.TEST@US.NAVY.MIL
wmpaesggzsgkrgge,MOODY KAYDENCE N,349,MOODY.KAYDENCE.N.TEST@US.NAVY.MIL
mxyvlqowtxbrtpko,DUNCAN JAYLYNN B,TDB,DUNCAN.JAYLYNN.B.TEST@US.NAVY.MIL
dccmudsfndnzcjds,EATON ELEANOR Z,10E,EATON.ELEANOR.Z.TEST@US.NAVY.MIL
ogargwhjhjaulfhx,RAY JENNY T,4532,RAY.JENNY.T.TEST@US.NAVY.MIL
nqzdjmzvccpwbxhm,BOND ROLAND Z,1021,BOND.ROLAND.Z.TEST@US.NAVY.MIL
qgpoqkeuhduiegzkrusob,SAUNDERS CELIA P,259,SAUNDERS.CELIA.P.TEST@US.NAVY.MIL
emgvqiupfdcsalcdmxfpb,SAUNDERS CELIA P,259,SAUNDERS.CELIA.P.TEST@US.NAVY.MIL
eroswzvlmitaxlddwzwpp,SAUNDERS CELIA P,259,SAUNDERS.CELIA.P.TEST@US.NAVY.MIL
wbssdubfsgidfbugjxxdq,SAUNDERS CELIA P,259,SAUNDERS.CELIA.P.TEST@US.NAVY.MIL
zeglitwqhvxddwmv,SAUNDERS CELIA P,259,SAUNDERS.CELIA.P.TEST@US.NAVY.MIL
uikdeveqcoykmyoczcysp,SAUNDERS CELIA P,259,SAUNDERS.CELIA.P.TEST@US.NAVY.MIL
obsgwouedhsbrinuvjoat,SAUNDERS CELIA P,259,SAUNDERS.CELIA.P.TEST@US.NAVY.MIL
baakvjvyxodjrmvfuxfvi,SAUNDERS CELIA P,259,SAUNDERS.CELIA.P.TEST@US.NAVY.MIL
jghjjzycbzsabdevncrttlxkqrxbthttz,SAUNDERS CELIA P,259,SAUNDERS.CELIA.P.TEST@US.NAVY.MIL
xatdktqdhqsasoiefgzft,SAUNDERS CELIA P,259,SAUNDERS.CELIA.P.TEST@US.NAVY.MIL
wrzpvfawwnfcjesx,SAUNDERS CELIA P,259,SAUNDERS.CELIA.P.TEST@US.NAVY.MIL
tlepwrjphhuxwbccmnnhv,SAUNDERS CELIA P,259,SAUNDERS.CELIA.P.TEST@US.NAVY.MIL
snryivretwpjtnpq,SAUNDERS CELIA P,259,SAUNDERS.CELIA.P.TEST@US.NAVY.MIL
xqqbtvyyqckkopbrnkwqz,SAUNDERS CELIA P,259,SAUNDERS.CELIA.P.TEST@US.NAVY.MIL
fjulubbcctxigjsk,PATTERSON AMBER O,3412,PATTERSON.AMBER.O.TEST@US.NAVY.MIL
obeobnnoqecbirmq,PATTERSON AMBER O,3412,PATTERSON.AMBER.O.TEST@US.NAVY.MIL
rqreobvuqzjnejwc,WALTER SIMON B LCDR,60E,WALTER.SIMON.B.LCDR.TEST@US.NAVY.MIL
rodusobspmlphcqcyrilr,MOSES VIVIANA L,0CA,MOSES.VIVIANA.L.TEST@US.NAVY.MIL
zgbefehfbatooqee,WALTERS BARBARA I,251,WALTERS.BARBARA.I.TEST@US.NAVY.MIL
tiwdehlbytfaemfaarhen,ARNOLD DAVIS T,1544,ARNOLD.DAVIS.T.TEST@US.NAVY.MIL
psylfiiqswkuyjxuppeyx,ARNOLD DAVIS T,1544,ARNOLD.DAVIS.T.TEST@US.NAVY.MIL
zwelhdtuokktfwjdcgqwq,ARNOLD DAVIS T,1544,ARNOLD.DAVIS.T.TEST@US.NAVY.MIL
ggygxhrdlkhxybezyjzzbfvfnjrwzdmoq,ARNOLD DAVIS T,1544,ARNOLD.DAVIS.T.TEST@US.NAVY.MIL
hvoctsoxopoqmdrg,ARNOLD DAVIS T,1544,ARNOLD.DAVIS.T.TEST@US.NAVY.MIL
vnkcdalbsxcsfdcmtfkco,ARNOLD DAVIS T,1544,ARNOLD.DAVIS.T.TEST@US.NAVY.MIL
ohzwhluoapnrnhubgkgrbmhwxvdfifspp,ARNOLD DAVIS T,1544,ARNOLD.DAVIS.T.TEST@US.NAVY.MIL
xjvbcmochlmnxuyk,WELCH JAYCE I,3415,WELCH.JAYCE.I.TEST@US.NAVY.MIL
zitoifwweerkqjdm,WELCH JAYCE I,3415,WELCH.JAYCE.I.TEST@US.NAVY.MIL
yiyyxvyrwslgkmiieblws,WELCH JAYCE I,3415,WELCH.JAYCE.I.TEST@US.NAVY.MIL
brjgdsolgknnsrqlgbfluzpjvetueyqkp,SWANSON NINA G,2534,SWANSON.NINA.G.TEST@US.NAVY.MIL
nsosivlisacmlcnf,WALTON CARA Q,8514,WALTON.CARA.Q.TEST@US.NAVY.MIL
wivmbljcpioqosli,WALSH JAMARION J,3423,WALSH.JAMARION.J.TEST@US.NAVY.MIL
pzfmzuucvzfewbou,MONTGOMERY NYAH M DR,3422,MONTGOMERY.NYAH.M.DR.TEST@US.NAVY.MIL
dcxecwhbzdmtyooj,GILES LUIS J,8532,GILES.LUIS.J.TEST@US.NAVY.MIL
bxxennwajrdwdulcitpes,MCGRATH GRACIE I,3432,MCGRATH.GRACIE.I.TEST@US.NAVY.MIL
exuvidksvanqnbrx,CARTER JASLENE Z,2523,CARTER.JASLENE.Z.TEST@US.NAVY.MIL
ytknkyyyttkdiamckylyv,COOKE RODOLFO K,105,COOKE.RODOLFO.K.TEST@US.NAVY.MIL
dgkqmsgdgbujcslb,TODD JAZLYN O,2512,TODD.JAZLYN.O.TEST@US.NAVY.MIL
vvyvdyjgcggtbmcb,TODD JAZLYN O,2512,TODD.JAZLYN.O.TEST@US.NAVY.MIL
iqiawuhdsodohkerzsadl,MERRITT RYLAND V,2513,MERRITT.RYLAND.V.TEST@US.NAVY.MIL
xeqkusbmyconcngnlgvne,MERRITT RYLAND V,2513,MERRITT.RYLAND.V.TEST@US.NAVY.MIL
ajzyxgnhkdfsxbtfxjvix,MERRITT RYLAND V,2513,MERRITT.RYLAND.V.TEST@US.NAVY.MIL
ytrsvmmcpnduuzqoxcxvt,MERRITT RYLAND V,2513,MERRITT.RYLAND.V.TEST@US.NAVY.MIL
moiphtccgeqsywkv,DUDLEY SAUL G,159,DUDLEY.SAUL.G.TEST@US.NAVY.MIL
ipwdymqtysryqjveqelum,KELLEY ALIA F,703,KELLEY.ALIA.F.TEST@US.NAVY.MIL
ecshhezpjsdohjxkwdblahmrjetgrpzyl,KELLEY ALIA F,703,KELLEY.ALIA.F.TEST@US.NAVY.MIL
fspugxvtnyxapvbircawr,KELLEY ALIA F,703,KELLEY.ALIA.F.TEST@US.NAVY.MIL
bzgauyotmpncwcjzjfnxl,MARQUEZ HAYDEN O,4542,MARQUEZ.HAYDEN.O.TEST@US.NAVY.MIL
gxfvgsbairucytragcyqv,HUANG MARIA V,2531,HUANG.MARIA.V.TEST@US.NAVY.MIL
svkmqxnhljwaixuw,STUART DAVIAN T,1534,STUART.DAVIAN.T.TEST@US.NAVY.MIL
wdywayaphnuajwcbiwunxdlxaavfhaoqi,WEST MALIYAH F,7012,WEST.MALIYAH.F.TEST@US.NAVY.MIL
njjfantloaghabzi,ANTHONY LACEY Y,3423,ANTHONY.LACEY.Y.TEST@US.NAVY.MIL
pvlqchikgrhvebwm,ANTHONY LACEY Y,3423,ANTHONY.LACEY.Y.TEST@US.NAVY.MIL
nqaindeccjgusaxu,NUNEZ DOMINIC K,159,NUNEZ.DOMINIC.K.TEST@US.NAVY.MIL
afdsyrrrpvvhcage,FULLER ALEXIS O,2535,FULLER.ALEXIS.O.TEST@US.NAVY.MIL
tzpeultjzmhzxslv,RICHMOND NATHANIEL U,1552,RICHMOND.NATHANIEL.U.TEST@US.NAVY.MIL
tioasktjywqcebxxkgecs,CALLAHAN ABBY O,15A,CALLAHAN.ABBY.O.TEST@US.NAVY.MIL
lkdwbniptkegczmi,CALLAHAN ABBY O,15A,CALLAHAN.ABBY.O.TEST@US.NAVY.MIL
izmlonowjjebclyc,FRAZIER NATALY M,0CA1,FRAZIER.NATALY.M.TEST@US.NAVY.MIL
ihotmljnkjjuqjlcvnvpy,MOSES DONTE F,2501,MOSES.DONTE.F.TEST@US.NAVY.MIL
irdgksnsjdkmcdebsviug,MOSES DONTE F,2501,MOSES.DONTE.F.TEST@US.NAVY.MIL
adefoxhqntndllanibhwl,MOSES DONTE F,2501,MOSES.DONTE.F.TEST@US.NAVY.MIL
vdfmvjrtqbbtpmlk,MOSES DONTE F,2501,MOSES.DONTE.F.TEST@US.NAVY.MIL
mmnaxsygdxrtqrbjhubuz,MOSES DONTE F,2501,MOSES.DONTE.F.TEST@US.NAVY.MIL
ezcenxozcrxydajp,MOSES DONTE F,2501,MOSES.DONTE.F.TEST@US.NAVY.MIL
kuhweibleegdofxyjhfpu,MOSES DONTE F,2501,MOSES.DONTE.F.TEST@US.NAVY.MIL
dafdkotudahedbxpjqtak,MOSES DONTE F,2501,MOSES.DONTE.F.TEST@US.NAVY.MIL
bwdbrbuynoxhmkvhbrdnlbrkctnrsozdn,MOSES DONTE F,2501,MOSES.DONTE.F.TEST@US.NAVY.MIL
ccnqntzqylziaolz,MOSES DONTE F,2501,MOSES.DONTE.F.TEST@US.NAVY.MIL
lqfujfzalxixvwrd,MOSES DONTE F,2501,MOSES.DONTE.F.TEST@US.NAVY.MIL
fqjcwgoluecpxhbnzbgpd,MOSES DONTE F,2501,MOSES.DONTE.F.TEST@US.NAVY.MIL
etsfoymdwqskttnk,COCHRAN JENNY P,0214,COCHRAN.JENNY.P.TEST@US.NAVY.MIL
thltnvpcremzzbwy,COCHRAN JENNY P,0214,COCHRAN.JENNY.P.TEST@US.NAVY.MIL
wxjfcacskehdinhq,COCHRAN JENNY P,0214,COCHRAN.JENNY.P.TEST@US.NAVY.MIL
efnhxdlxpilqxtcnnnkpz,BOONE BRADY S,2523,BOONE.BRADY.S.TEST@US.NAVY.MIL
oxtttbmlgnmbhujcwgbml,BOONE BRADY S,2523,BOONE.BRADY.S.TEST@US.NAVY.MIL
vizojrivmlgiuvofvrawl,KNAPP DEBORAH G,8555,KNAPP.DEBORAH.G.TEST@US.NAVY.MIL
rbpenjrfkheqtpbdnryyh,KERR BRANSON B,1532,KERR.BRANSON.B.TEST@US.NAVY.MIL
jhwgvargznitbqyg,BARBER MARISA J,10B1,BARBER.MARISA.J.TEST@US.NAVY.MIL
odeyqsnmngohuwwj,BARBER MARISA J,10B1,BARBER.MARISA.J.TEST@US.NAVY.MIL
lcgitzrojvsuurly,BARBER MARISA J,10B1,BARBER.MARISA.J.TEST@US.NAVY.MIL
doeguwehtftyxoqe,RICHARDSON ALIA U,2512,RICHARDSON.ALIA.U.TEST@US.NAVY.MIL
xkokdnkcczeuoauh,HARRIS IRVIN A,8553,HARRIS.IRVIN.A.TEST@US.NAVY.MIL
kugdfxymiodzghuxapfkl,HAYDEN ANSLEY F,4511,HAYDEN.ANSLEY.F.TEST@US.NAVY.MIL
gmenkpxdebszrplewkjurzgwyuyxdytfw,VEGA NICHOLAS Q,349,VEGA.NICHOLAS.Q.TEST@US.NAVY.MIL
noxmzcghmfnicplrdoszlvjyfshplhbjy,HUBBARD JUNIOR A,2543,HUBBARD.JUNIOR.A.TEST@US.NAVY.MIL
hmwaxlkcqnfzqmss,HUBBARD JUNIOR A,2543,HUBBARD.JUNIOR.A.TEST@US.NAVY.MIL
mkisrfdcnivvsuobybjrgwdwmzyonynxz,HUBBARD JUNIOR A,2543,HUBBARD.JUNIOR.A.TEST@US.NAVY.MIL
mmrhmxtpsispvcqd,MCCLURE COLBY F,25T,MCCLURE.COLBY.F.TEST@US.NAVY.MIL
onfpzjfsnqcbtchj,MCCLURE COLBY F,25T,MCCLURE.COLBY.F.TEST@US.NAVY.MIL
ifxlebvppaqwfcmjtokba,MCCLURE COLBY F,25T,MCCLURE.COLBY.F.TEST@US.NAVY.MIL
byhrfqjabbrfuibnptwhwuaxpluchbiny,MCCLURE COLBY F,25T,MCCLURE.COLBY.F.TEST@US.NAVY.MIL
wlrqojazwmzwbbor,MCCLURE COLBY F,25T,MCCLURE.COLBY.F.TEST@US.NAVY.MIL
bawetioqvhxopira,MCCLURE COLBY F,25T,MCCLURE.COLBY.F.TEST@US.NAVY.MIL
cfheampdeuqzewrv,MCCLURE COLBY F,25T,MCCLURE.COLBY.F.TEST@US.NAVY.MIL
ctjhcixauclmapqc,MCCLURE COLBY F,25T,MCCLURE.COLBY.F.TEST@US.NAVY.MIL
lhpscyypewitocae,MCCLURE COLBY F,25T,MCCLURE.COLBY.F.TEST@US.NAVY.MIL
hzriqiuqqdxkesbk,MCCLURE COLBY F,25T,MCCLURE.COLBY.F.TEST@US.NAVY.MIL
rqlbghxlzvnswpiq,MCCLURE COLBY F,25T,MCCLURE.COLBY.F.TEST@US.NAVY.MIL
hobecwbecumzihzw,RAMSEY ALEENA E,459,RAMSEY.ALEENA.E.TEST@US.NAVY.MIL
fkcnpqxkqcgpkvetaabaorzxawjryrefu,BRYANT CARINA P,859,BRYANT.CARINA.P.TEST@US.NAVY.MIL
jcypmscfhhciqrtuhquyffhmuukhyrdcj,BRYANT CARINA P,859,BRYANT.CARINA.P.TEST@US.NAVY.MIL
dvrrpqfyichrgkilwoeiyrenocwcqcran,BRYANT CARINA P,859,BRYANT.CARINA.P.TEST@US.NAVY.MIL
myssersabfuvpwas,WASHINGTON HARRISON O,1021,WASHINGTON.HARRISON.O.TEST@US.NAVY.MIL
blqbmbkvpyfdogbtojqcx,WASHINGTON HARRISON O,1021,WASHINGTON.HARRISON.O.TEST@US.NAVY.MIL
csvcchqcupmiamlq,WASHINGTON HARRISON O,1021,WASHINGTON.HARRISON.O.TEST@US.NAVY.MIL
eurhyzvhzdjfpurrwqcgorqsevwzzwuqr,WASHINGTON HARRISON O,1021,WASHINGTON.HARRISON.O.TEST@US.NAVY.MIL
crusfzlgasyjersn,WASHINGTON HARRISON O,1021,WASHINGTON.HARRISON.O.TEST@US.NAVY.MIL
zplcforkacickewr,WASHINGTON HARRISON O,1021,WASHINGTON.HARRISON.O.TEST@US.NAVY.MIL
gydcbobeimddhfuliugnd,MORAN KAYA Z,104B,MORAN.KAYA.Z.TEST@US.NAVY.MIL
oleeucqfywbovhxcmmriq,MORAN KAYA Z,104B,MORAN.KAYA.Z.TEST@US.NAVY.MIL
dkcnpqxhwpirqjfnrrsnc,MORAN KAYA Z,104B,MORAN.KAYA.Z.TEST@US.NAVY.MIL
kcorxlwvjyfjfllwausyq,MORAN KAYA Z,104B,MORAN.KAYA.Z.TEST@US.NAVY.MIL
ersibxkqytnjqzrmmkvnq,MORAN KAYA Z,104B,MORAN.KAYA.Z.TEST@US.NAVY.MIL
ebqrnenzakuoixavjkryu,MORAN KAYA Z,104B,MORAN.KAYA.Z.TEST@US.NAVY.MIL
lzibwmlrsvigwmhhyjork,MORAN KAYA Z,104B,MORAN.KAYA.Z.TEST@US.NAVY.MIL
uomhsescfwjtedszjgbvpwkkykyypdxqr,MORAN KAYA Z,104B,MORAN.KAYA.Z.TEST@US.NAVY.MIL
vhmyptfhieqbqmfvpzcpv,MORAN KAYA Z,104B,MORAN.KAYA.Z.TEST@US.NAVY.MIL
othiwdeimoouehjvyvwrvidasaprjowdu,MORAN KAYA Z,104B,MORAN.KAYA.Z.TEST@US.NAVY.MIL
yqduowuwrungpzshpqexz,MORAN KAYA Z,104B,MORAN.KAYA.Z.TEST@US.NAVY.MIL
jsejrutgpnafwvsbyoqpgablppeubuqss,MORAN KAYA Z,104B,MORAN.KAYA.Z.TEST@US.NAVY.MIL
grhtbzkkdcigtsstbnmxc,CARDENAS CYNTHIA O,1021,CARDENAS.CYNTHIA.O.TEST@US.NAVY.MIL
mnihbbedcmiskowg,STONE LILA L,7012,STONE.LILA.L.TEST@US.NAVY.MIL
btohulgcoutanicl,STONE LILA L,7012,STONE.LILA.L.TEST@US.NAVY.MIL
ewzufysjtbhfztbowxile,ROBBINS MITCHELL D DR,4513,ROBBINS.MITCHELL.D.DR.TEST@US.NAVY.MIL
itcxnbdsdqacilps,ROBBINS MITCHELL D DR,4513,ROBBINS.MITCHELL.D.DR.TEST@US.NAVY.MIL
mhyvaqkshngvfhqgnfbhe,ROBBINS MITCHELL D DR,4513,ROBBINS.MITCHELL.D.DR.TEST@US.NAVY.MIL
zurbhmppklmvqwdo,SMITH ZION R,8544,SMITH.ZION.R.TEST@US.NAVY.MIL
hqojplnkbrgpojib,SMITH ZION R,8544,SMITH.ZION.R.TEST@US.NAVY.MIL
zgyqsuopujgfdjpe,MEYERS JAREN U,349,MEYERS.JAREN.U.TEST@US.NAVY.MIL
xqqqtawxllruqsai,MARQUEZ ALISHA S,459,MARQUEZ.ALISHA.S.TEST@US.NAVY.MIL
ocuifetsfgksewej,SERRANO PAYTON P,2532,SERRANO.PAYTON.P.TEST@US.NAVY.MIL
hukvtxgonlkychsaljqyd,SERRANO PAYTON P,2532,SERRANO.PAYTON.P.TEST@US.NAVY.MIL
kynzpfrpxrobmwaqwdqdd,SERRANO PAYTON P,2532,SERRANO.PAYTON.P.TEST@US.NAVY.MIL
pjuivgznefcwtnxnvwrnmhkqhvqyimuaf,SERRANO PAYTON P,2532,SERRANO.PAYTON.P.TEST@US.NAVY.MIL
igalesqwceipopvr,LI JEREMIAH Q,459,LI.JEREMIAH.Q.TEST@US.NAVY.MIL
ubygbsiwztpydlxcicxwl,RUIZ CRISTAL T,2501,RUIZ.CRISTAL.T.TEST@US.NAVY.MIL
wzezpbpicsptdkhs,RUIZ CRISTAL T,2501,RUIZ.CRISTAL.T.TEST@US.NAVY.MIL
cqbzwcvxhgermirjyjryb,RUIZ CRISTAL T,2501,RUIZ.CRISTAL.T.TEST@US.NAVY.MIL
ewslcbnvyqmhvemmrkltc,RUIZ CRISTAL T,2501,RUIZ.CRISTAL.T.TEST@US.NAVY.MIL
ovmkhvlbyhcsakkt,RUIZ CRISTAL T,2501,RUIZ.CRISTAL.T.TEST@US.NAVY.MIL
tuvjyumzbtjierdz,RUIZ CRISTAL T,2501,RUIZ.CRISTAL.T.TEST@US.NAVY.MIL
pauidhncmownhrxx,RUIZ CRISTAL T,2501,RUIZ.CRISTAL.T.TEST@US.NAVY.MIL
ighsdgxoyyayauiggxuyu,RUIZ CRISTAL T,2501,RUIZ.CRISTAL.T.TEST@US.NAVY.MIL
bfzsfkosgbfvrkegweouibsgjwwcycsxy,RUIZ CRISTAL T,2501,RUIZ.CRISTAL.T.TEST@US.NAVY.MIL
ertiavlutzntwaeohhuudnzgdkmrzjlrw,RUIZ CRISTAL T,2501,RUIZ.CRISTAL.T.TEST@US.NAVY.MIL
gwqmlvzrskzpegwh,DAVILA ZANE I JR,8541,DAVILA.ZANE.I.JR.TEST@US.NAVY.MIL
racaokuugvthiibp,DAVILA ZANE I JR,8541,DAVILA.ZANE.I.JR.TEST@US.NAVY.MIL
ndtrtvpjqbybregg,DAVILA ZANE I JR,8541,DAVILA.ZANE.I.JR.TEST@US.NAVY.MIL
gqzfazxqjmrklnkskpgfguxedtzzkkhci,DAVILA ZANE I JR,8541,DAVILA.ZANE.I.JR.TEST@US.NAVY.MIL
wkudhcqdsbkolfbrysoqz,DAVILA ZANE I JR,8541,DAVILA.ZANE.I.JR.TEST@US.NAVY.MIL
mchgcwlchozvajgq,DAVILA ZANE I JR,8541,DAVILA.ZANE.I.JR.TEST@US.NAVY.MIL
kbyjaxszhfriaiky,DAVILA ZANE I JR,8541,DAVILA.ZANE.I.JR.TEST@US.NAVY.MIL
qvbfrrtmdgqzwoxkoeetxjwybxahfxbgr,VEGA BAYLEE V,2554,VEGA.BAYLEE.V.TEST@US.NAVY.MIL
zrswpwlyrsgxmportaccwwqsmvkzctqtx,VEGA BAYLEE V,2554,VEGA.BAYLEE.V.TEST@US.NAVY.MIL
urivowndxvpdipkj,HOUSTON GEORGIA L,1071,HOUSTON.GEORGIA.L.TEST@US.NAVY.MIL
pcthymssoctsftoq,HOUSTON GEORGIA L,1071,HOUSTON.GEORGIA.L.TEST@US.NAVY.MIL
crdgjzzgaaquowdm,HOUSTON GEORGIA L,1071,HOUSTON.GEORGIA.L.TEST@US.NAVY.MIL
pkrwknzfwbfcvsfy,KIDD JUDITH P,8554,KIDD.JUDITH.P.TEST@US.NAVY.MIL
pbvjjrvoccqmebzyrhacn,KIDD JUDITH P,8554,KIDD.JUDITH.P.TEST@US.NAVY.MIL
tiykbpczuradhvgsrjodx,CHAN ROSS R,2534,CHAN.ROSS.R.TEST@US.NAVY.MIL
znkkslstbtphszugpubdk,BLACKWELL DOMINIQUE E,45B,BLACKWELL.DOMINIQUE.E.TEST@US.NAVY.MIL
rqcvhuugctyjglgkosrselcfyoxvzfjdu,BLACKWELL DOMINIQUE E,45B,BLACKWELL.DOMINIQUE.E.TEST@US.NAVY.MIL
rzxxkyanchrewgxv,TAPIA KELSEY Y,4532,TAPIA.KELSEY.Y.TEST@US.NAVY.MIL
nmlxoumyteyptnux,WOLF MALAKAI C JR,2523,WOLF.MALAKAI.C.JR.TEST@US.NAVY.MIL
kibkycbfaytehpol,WOLF MALAKAI C JR,2523,WOLF.MALAKAI.C.JR.TEST@US.NAVY.MIL
tgmczwkqxapasiss,WOLF MALAKAI C JR,2523,WOLF.MALAKAI.C.JR.TEST@US.NAVY.MIL
kmoippuymfwpyvqs,WOODS ABIGALE Y,104,WOODS.ABIGALE.Y.TEST@US.NAVY.MIL
wonvdstpogaobtht,LONG KENNY S III,1023,LONG.KENNY.S.III.TEST@US.NAVY.MIL
lrqagwftpemnnjcl,FINLEY LEAH P,105,FINLEY.LEAH.P.TEST@US.NAVY.MIL
ngenwqslwpghnrvj,DOUGLAS GINA W,259,DOUGLAS.GINA.W.TEST@US.NAVY.MIL
aismmfuffknmctre,HOLLAND LILIANA S,1512,HOLLAND.LILIANA.S.TEST@US.NAVY.MIL
wdbmmwmtadvviyjo,STUART PRISCILLA R,00M,STUART.PRISCILLA.R.TEST@US.NAVY.MIL
tquhzbihlibdmznxnwaxzlsocsvdkgdtm,CARNEY FELIPE Q,7021,CARNEY.FELIPE.Q.TEST@US.NAVY.MIL
tgepptsvttzyljly,LANDRY JON K,2543,LANDRY.JON.K.TEST@US.NAVY.MIL
fycrnyyryxrkkemh,MEZA RILEY U JR,4522,MEZA.RILEY.U.JR.TEST@US.NAVY.MIL
ogxznjfhckonrjbziyyxnegkdzbyfcmje,MEZA RILEY U JR,4522,MEZA.RILEY.U.JR.TEST@US.NAVY.MIL
fnbzmsuqhzwwlicujdarxaviwxpjxgftm,GATES DEVYN N,7022,GATES.DEVYN.N.TEST@US.NAVY.MIL
tyjfyisnwtscpzybgklfu,GATES DEVYN N,7022,GATES.DEVYN.N.TEST@US.NAVY.MIL
fkvbfpmgpokodfwfxkwvd,LEVINE ALISON X,3434,LEVINE.ALISON.X.TEST@US.NAVY.MIL
aocvnysmslsmkbyo,MANN RALPH U,1555,MANN.RALPH.U.TEST@US.NAVY.MIL
hlfnmndenxmtzwloudyhd,DIAZ DESTINY P,2532,DIAZ.DESTINY.P.TEST@US.NAVY.MIL
vpexvkxlvbksatfq,CISNEROS ANTONY P,1041,CISNEROS.ANTONY.P.TEST@US.NAVY.MIL
vmteqieszyvmmlzyqhkit,SERRANO MICAH Z,1072,SERRANO.MICAH.Z.TEST@US.NAVY.MIL
dttbitrnqbhsqwcstmdntbvvqabqmuzmu,SERRANO MICAH Z,1072,SERRANO.MICAH.Z.TEST@US.NAVY.MIL
dkjjzgomtvasludp,SERRANO MICAH Z,1072,SERRANO.MICAH.Z.TEST@US.NAVY.MIL
koybxvcnlblxnvkrcysax,DUDLEY ADAM H,3412,DUDLEY.ADAM.H.TEST@US.NAVY.MIL
pcchxoegodrspdgnyuayr,DUDLEY ADAM H,3412,DUDLEY.ADAM.H.TEST@US.NAVY.MIL
cirbpkmnldtkcawvncenmlyxcdjpglels,DUDLEY ADAM H,3412,DUDLEY.ADAM.H.TEST@US.NAVY.MIL
lgybzgsfsjcgilaaoeycx,BRYAN TIFFANY B,011,BRYAN.TIFFANY.B.TEST@US.NAVY.MIL
jpdrdgdxvgqjsqysctypxojhhfujkqomd,BRYAN TIFFANY B,011,BRYAN.TIFFANY.B.TEST@US.NAVY.MIL
mhqmpizyvujauqxnda,WOODWARD ANAHI L,4534,WOODWARD.ANAHI.L.TEST@US.NAVY.MIL
xeyadrhtnlqkgtqw,DAVIS EZEQUIEL W DR,00T1,DAVIS.EZEQUIEL.W.DR.TEST@US.NAVY.MIL
ocweiennuuwgxbzo,DAVIS EZEQUIEL W DR,00T1,DAVIS.EZEQUIEL.W.DR.TEST@US.NAVY.MIL
avhudefsysakljdh,DAVIS EZEQUIEL W DR,00T1,DAVIS.EZEQUIEL.W.DR.TEST@US.NAVY.MIL
esnjgomyureiixut,SANTOS MYLES N,259,SANTOS.MYLES.N.TEST@US.NAVY.MIL
xukvfhloddlsxgby,SANTOS MYLES N,259,SANTOS.MYLES.N.TEST@US.NAVY.MIL
icifxiqhwxwwtqsavayvmzogmozuynvag,WU GIOVANNI J,10B1,WU.GIOVANNI.J.TEST@US.NAVY.MIL
pyiorycftrzhmnfa,WU GIOVANNI J,10B1,WU.GIOVANNI.J.TEST@US.NAVY.MIL
dopjiyvhvrdhidnishmxeltmrmpijuqvk,WU GIOVANNI J,10B1,WU.GIOVANNI.J.TEST@US.NAVY.MIL
cypqpjcdimadsqaq,EWING IMMANUEL R,8501,EWING.IMMANUEL.R.TEST@US.NAVY.MIL
gucuzzmydzerlcdj,EWING IMMANUEL R,8501,EWING.IMMANUEL.R.TEST@US.NAVY.MIL
xrpjjgracqawgdxcjfknr,EWING IMMANUEL R,8501,EWING.IMMANUEL.R.TEST@US.NAVY.MIL
lamwhvgarrmpucfgobdgxrbenbstzfskp,SHEA MEREDITH L,7032,SHEA.MEREDITH.L.TEST@US.NAVY.MIL
rqczsjgcdkjuppmb,ALEXANDER DEANDRE J,7021,ALEXANDER.DEANDRE.J.TEST@US.NAVY.MIL
jmjdehushhgdhrbs,DECKER KAMDEN I,1021,DECKER.KAMDEN.I.TEST@US.NAVY.MIL
xurzttyftjxkitbm,DECKER KAMDEN I,1021,DECKER.KAMDEN.I.TEST@US.NAVY.MIL
koxtzpgomeezskri,DECKER KAMDEN I,1021,DECKER.KAMDEN.I.TEST@US.NAVY.MIL
yukxsxssztggovfo,DECKER KAMDEN I,1021,DECKER.KAMDEN.I.TEST@US.NAVY.MIL
zgbhvriyzgcihyai,DECKER KAMDEN I,1021,DECKER.KAMDEN.I.TEST@US.NAVY.MIL
wbknmsthxhxczcjk,DECKER KAMDEN I,1021,DECKER.KAMDEN.I.TEST@US.NAVY.MIL
txulaguklycywjtqtscidqvvdepynhwhj,CRANE KYLEIGH P,3424,CRANE.KYLEIGH.P.TEST@US.NAVY.MIL
jvzcingledhksxnlfvnkeidqqtjpubbxs,ORTIZ LILLIE P JR,254,ORTIZ.LILLIE.P.JR.TEST@US.NAVY.MIL
zaqgwdtllaiitwxb,SHIELDS GLORIA J,1541,SHIELDS.GLORIA.J.TEST@US.NAVY.MIL
sdhduudmgofrikuu,NOBLE ALAN N,10B1,NOBLE.ALAN.N.TEST@US.NAVY.MIL
iomfrpvbtfjeyqao,NOBLE ALAN N,10B1,NOBLE.ALAN.N.TEST@US.NAVY.MIL
qticluhsctscvtbu,NOBLE ALAN N,10B1,NOBLE.ALAN.N.TEST@US.NAVY.MIL
pzkwicsazjnjkrgw,NOBLE ALAN N,10B1,NOBLE.ALAN.N.TEST@US.NAVY.MIL
tpcpprbyxyutuxrv,NOBLE ALAN N,10B1,NOBLE.ALAN.N.TEST@US.NAVY.MIL
tqdzwvcbgsjwdvegmljpi,HURLEY JANELLE O III,7011,HURLEY.JANELLE.O.III.TEST@US.NAVY.MIL
kbtjeusshxoilgxgahlzknvombqirfexu,HURLEY JANELLE O III,7011,HURLEY.JANELLE.O.III.TEST@US.NAVY.MIL
xwhnvnlgnrahhpjjzfjsicnxvfviiwezt,RUIZ ZION A,259,RUIZ.ZION.A.TEST@US.NAVY.MIL
gsghwyjrtbaoxlzvbineb,GRAVES JACQUELYN U,1535,GRAVES.JACQUELYN.U.TEST@US.NAVY.MIL
euugfhhxnmgwlxzfhjxnf,GRAVES JACQUELYN U,1535,GRAVES.JACQUELYN.U.TEST@US.NAVY.MIL
yaofsquldqorqrlp,GRAVES JACQUELYN U,1535,GRAVES.JACQUELYN.U.TEST@US.NAVY.MIL
sbymbijkwdregnxyjcgdg,GRAVES JACQUELYN U,1535,GRAVES.JACQUELYN.U.TEST@US.NAVY.MIL
fxrgweqkrxzajykulcpofzaqfamnnfwjr,SOLIS KESHAWN P,2511,SOLIS.KESHAWN.P.TEST@US.NAVY.MIL
uclckdbanuzkbkjs,LARSEN FELIX T,8521,LARSEN.FELIX.T.TEST@US.NAVY.MIL
iabaatqqffdnwnly,RODRIGUEZ NICKOLAS A,10B1,RODRIGUEZ.NICKOLAS.A.TEST@US.NAVY.MIL
ezdicdxqzfheckfj,RODRIGUEZ NICKOLAS A,10B1,RODRIGUEZ.NICKOLAS.A.TEST@US.NAVY.MIL
mlcccprndpfqtueignyjitbldluyfhxeb,RODRIGUEZ NICKOLAS A,10B1,RODRIGUEZ.NICKOLAS.A.TEST@US.NAVY.MIL
ebusnfmvlopmgqzq,RODRIGUEZ NICKOLAS A,10B1,RODRIGUEZ.NICKOLAS.A.TEST@US.NAVY.MIL
jpbzdujybsyksdhs,SANDERS SHYANNE T,105,SANDERS.SHYANNE.T.TEST@US.NAVY.MIL
kgpwfsohiuimtpwi,DUNLAP ITZEL T,85T,DUNLAP.ITZEL.T.TEST@US.NAVY.MIL
ukmphlpgozlqosoc,WOODWARD IGNACIO Y,7001A,WOODWARD.IGNACIO.Y.TEST@US.NAVY.MIL
ojljabmfejefltqa,WOODWARD IGNACIO Y,7001A,WOODWARD.IGNACIO.Y.TEST@US.NAVY.MIL
rctwpzttusvnrzkt,NOVAK MORGAN S,1534,NOVAK.MORGAN.S.TEST@US.NAVY.MIL
ruskonqpfwwadmxu,KNOX MALEAH Z,0231,KNOX.MALEAH.Z.TEST@US.NAVY.MIL
lcfaibtaljaypqtpwnchj,FLEMING HUDSON Z,7012,FLEMING.HUDSON.Z.TEST@US.NAVY.MIL
alifspoqjpuipikz,FLEMING HUDSON Z,7012,FLEMING.HUDSON.Z.TEST@US.NAVY.MIL
vtpxajwlttciiezr,REEVES FRANCISCO N,7001A,REEVES.FRANCISCO.N.TEST@US.NAVY.MIL
vhabwxprmjsiegsa,REEVES FRANCISCO N,7001A,REEVES.FRANCISCO.N.TEST@US.NAVY.MIL
wiuvunfamnqkhnsh,REEVES FRANCISCO N,7001A,REEVES.FRANCISCO.N.TEST@US.NAVY.MIL
mxlnibokwyxhfmqnqcqlodhxwcmdogagg,ZHANG ARTHUR M,1532,ZHANG.ARTHUR.M.TEST@US.NAVY.MIL
pjdyyuaxayjzkkkz,ZHANG ARTHUR M,1532,ZHANG.ARTHUR.M.TEST@US.NAVY.MIL
gbugifcroasyzetb,ZHANG ARTHUR M,1532,ZHANG.ARTHUR.M.TEST@US.NAVY.MIL
lxaklurqnyikaczzvsevmpciuuiyqecpe,ARELLANO GILBERT P,3432,ARELLANO.GILBERT.P.TEST@US.NAVY.MIL
mghypjvsyraxwwybtscnd,ARELLANO GILBERT P,3432,ARELLANO.GILBERT.P.TEST@US.NAVY.MIL
rsesykrulexlxxktmidtzcpwwbiworehx,ARELLANO GILBERT P,3432,ARELLANO.GILBERT.P.TEST@US.NAVY.MIL
evnvrljjlujuyfeblewvgptizvsdkqbla,CASTRO NATHANAEL R,7021,CASTRO.NATHANAEL.R.TEST@US.NAVY.MIL
oqpcijnacvncnmosmoforjpmxieuhhhcj,MCGEE MCKENZIE D,4533,MCGEE.MCKENZIE.D.TEST@US.NAVY.MIL
jnszutzrpgzgfmyx,GILLESPIE NICHOLAS G,2554,GILLESPIE.NICHOLAS.G.TEST@US.NAVY.MIL
ovdbyonwrtlcquhchbbci,HOOD TAYLOR N,10B1,HOOD.TAYLOR.N.TEST@US.NAVY.MIL
nfkmjqobruanowpb,VALENCIA KATHERINE A,1021,VALENCIA.KATHERINE.A.TEST@US.NAVY.MIL
ksjpheyvxnkefbyt,HOLDER BRADLEY X,4544,HOLDER.BRADLEY.X.TEST@US.NAVY.MIL
kfmarwvqydobhlhi,GALVAN JAMES T,159,GALVAN.JAMES.T.TEST@US.NAVY.MIL
pdhqyozferjvojec,HAAS JAIME D,8554,HAAS.JAIME.D.TEST@US.NAVY.MIL
ouuqgorbiygyczfkomauw,WELLS REBEKAH I,3422,WELLS.REBEKAH.I.TEST@US.NAVY.MIL
afxrkwkltijmapiy,BRIGHT PHOEBE N,1532,BRIGHT.PHOEBE.N.TEST@US.NAVY.MIL
grhbrynufsxzvooi,GONZALES JANICE S,7001,GONZALES.JANICE.S.TEST@US.NAVY.MIL
fsuimmjhnlbdmeur,BELL AHMED R,453,BELL.AHMED.R.TEST@US.NAVY.MIL
fyesofdokjrgxfdm,KING ALEXIS A,3411,KING.ALEXIS.A.TEST@US.NAVY.MIL
jespkhhcbcssxrei,HALEY QUENTIN V,3421,HALEY.QUENTIN.V.TEST@US.NAVY.MIL
ykxjgombnlssvocrdlljmeqsktwjmtk,DELEON HOWARD I,8541,DELEON.HOWARD.I.TEST@US.NAVY.MIL
frrarugoswchaygj,DELEON HOWARD I,8541,DELEON.HOWARD.I.TEST@US.NAVY.MIL
jhwbjialjqvrfzvyzclagykbqkvipgevn,POWELL ANYA A,2552,POWELL.ANYA.A.TEST@US.NAVY.MIL
albevabsujxreqlzolqbj,CLARK MELODY Y,2523,CLARK.MELODY.Y.TEST@US.NAVY.MIL
nbxrvaxzjnnopqmldttcrhpzhrbafxzxo,ROSS PRESLEY G,4521,ROSS.PRESLEY.G.TEST@US.NAVY.MIL
qvlbzunwyofvocys,LOGAN ORION P,4532,LOGAN.ORION.P.TEST@US.NAVY.MIL
xyygxagijojbezwzdfjfjqnftummzigkb,FLYNN STACY J,2513,FLYNN.STACY.J.TEST@US.NAVY.MIL
hcjdyoxpgztufqevnodtvgvbqynus,WOOD JUSTUS M,10E,WOOD.JUSTUS.M.TEST@US.NAVY.MIL
fweemcdfjybglbodaltkhextjleqvjpjm,MCCOY JEAN P,2525,MCCOY.JEAN.P.TEST@US.NAVY.MIL
cycdboxylvfncfzreabcprywtdgjefroc,BURGESS GAVIN I,8542,BURGESS.GAVIN.I.TEST@US.NAVY.MIL
xzkjgrkjsmoanjgz,BURGESS GAVIN I,8542,BURGESS.GAVIN.I.TEST@US.NAVY.MIL
nshguljkmyzqvtct,MARQUEZ TOBY A,1021,MARQUEZ.TOBY.A.TEST@US.NAVY.MIL
tasvxlkcqnovgqbl,AGUILAR MARLEE B,1023,AGUILAR.MARLEE.B.TEST@US.NAVY.MIL
crrhppeznzhhubvaxwdyjoomlglqkdkhe,BRADLEY BRISA D,2521,BRADLEY.BRISA.D.TEST@US.NAVY.MIL
kysruzdyaitqblpp,HURST CAITLYN T,8554,HURST.CAITLYN.T.TEST@US.NAVY.MIL
ahaonrpdzcqypcmj,MCCONNELL LIANA F,4531,MCCONNELL.LIANA.F.TEST@US.NAVY.MIL
aptvympwmhmmofhg,QUINN BAILEY C,4522,QUINN.BAILEY.C.TEST@US.NAVY.MIL
lgphkfrsbmxovsusvndod,CORTEZ JONAH I JR,8542,CORTEZ.JONAH.I.JR.TEST@US.NAVY.MIL
lpmwcumtdfvklgie,CHARLES LUCY G,4521,CHARLES.LUCY.G.TEST@US.NAVY.MIL
zikstlpwpwvcszhd,MONTGOMERY MICAH T,1551,MONTGOMERY.MICAH.T.TEST@US.NAVY.MIL
eeazwqdgcolnvtha,REED NOEL C,2514,REED.NOEL.C.TEST@US.NAVY.MIL
sifurvqczfpgwnrfwtrngwyhiesokzigi,DECKER DARIUS F,3411,DECKER.DARIUS.F.TEST@US.NAVY.MIL
cdwgqwfixlgvzhjw,PERKINS KENNETH M,1021,PERKINS.KENNETH.M.TEST@US.NAVY.MIL
yoemjglzzbzzbsly,PERKINS KENNETH M,1021,PERKINS.KENNETH.M.TEST@US.NAVY.MIL
nvsvgvveqcrxifxvupfomtapnozgjiymy,GRIMES DAQUAN G,1534,GRIMES.DAQUAN.G.TEST@US.NAVY.MIL
gicpdnsqhsgnssia,COX BIANCA I,1044,COX.BIANCA.I.TEST@US.NAVY.MIL
umedafrjdjofmkhv,COX BIANCA I,1044,COX.BIANCA.I.TEST@US.NAVY.MIL
lburcijwwbwtczly,SMALL ZAYNE O,1051,SMALL.ZAYNE.O.TEST@US.NAVY.MIL
jqemnixcgnsbbgsg,KRAUSE KELVIN A,4534,KRAUSE.KELVIN.A.TEST@US.NAVY.MIL
rqefzqkkttqoqlhh,BUCKLEY JAIME U,4534,BUCKLEY.JAIME.U.TEST@US.NAVY.MIL
ztgfckkhrkuyzkbntga,WOLF GONZALO Y,7011,WOLF.GONZALO.Y.TEST@US.NAVY.MIL
pxziegbixertyljb,FREEMAN GIOVANNY Q,4534,FREEMAN.GIOVANNY.Q.TEST@US.NAVY.MIL
ioqcrkggvjcgquwojreqqnhtxafsalhxc,CAMPOS RIVER I,2501,CAMPOS.RIVER.I.TEST@US.NAVY.MIL
zdczhcokizrenfbyqsoyqanxcyatpgsyk,CAMPOS RIVER I,2501,CAMPOS.RIVER.I.TEST@US.NAVY.MIL
brmmxsqqfofjyume,MEDINA CHAD P,10B1,MEDINA.CHAD.P.TEST@US.NAVY.MIL
hspnzzvtbukbpnqllropivgqyxxtwcppl,MEDINA CHAD P,10B1,MEDINA.CHAD.P.TEST@US.NAVY.MIL
sjdoysyrbtjoiuqjkuodnqxrejsodlnha,BENITEZ NATALY U,3411,BENITEZ.NATALY.U.TEST@US.NAVY.MIL
dfbgtbgzhijrcomj,SCHWARTZ QUINCY T,7023,SCHWARTZ.QUINCY.T.TEST@US.NAVY.MIL
wmxqkvvjpzvoqujwfnnmnkjaxqwioqduj,PENNINGTON JOHNATHAN E,8544,PENNINGTON.JOHNATHAN.E.TEST@US.NAVY.MIL
hgdmqijjmpjdyyxe,ROBLES KENYA N,7022,ROBLES.KENYA.N.TEST@US.NAVY.MIL
qnmuyvsriwgywkwuarrmvduolnwsawwpa,ROBLES KENYA N,7022,ROBLES.KENYA.N.TEST@US.NAVY.MIL
qoalqxaxxrfebppy,ROBLES KENYA N,7022,ROBLES.KENYA.N.TEST@US.NAVY.MIL
jycepgbzkhpcgvwafmrgrigrgepcpqfci,RAMOS SARIAH U,4543,RAMOS.SARIAH.U.TEST@US.NAVY.MIL
tfopjdxooyujtuuf,LANDRY NATHANAEL G,4532,LANDRY.NATHANAEL.G.TEST@US.NAVY.MIL
cxahqriscfgkcdsjorhavwkxrfhvgdzim,BUCK MIGUEL I,2522,BUCK.MIGUEL.I.TEST@US.NAVY.MIL
rhlntbvhjsupsbvodhzcrvvjtdvcuufiw,HURLEY SAUL D,2543,HURLEY.SAUL.D.TEST@US.NAVY.MIL
ripamwtnkekbkoqm,WILLIS KESHAWN R,4514,WILLIS.KESHAWN.R.TEST@US.NAVY.MIL
apyjwupezqgaekxh,PIERCE ARJUN Q,8511,PIERCE.ARJUN.Q.TEST@US.NAVY.MIL
utnkphmfgikibida,BULLOCK KINSEY X,2551,BULLOCK.KINSEY.X.TEST@US.NAVY.MIL
afmoivvehbjloaia,BULLOCK KINSEY X,2551,BULLOCK.KINSEY.X.TEST@US.NAVY.MIL
pfqngvclinqmuhrl,FULLER CINDY F,1052,FULLER.CINDY.F.TEST@US.NAVY.MIL
rycszuejakqlnutlyuzzl,GARNER KINGSTON Z,8544,GARNER.KINGSTON.Z.TEST@US.NAVY.MIL
nzcijbnetupdijkh,NOLAN KADENCE T,1051,NOLAN.KADENCE.T.TEST@US.NAVY.MIL
yferfveszykhojfximjiv,NOLAN KADENCE T,1051,NOLAN.KADENCE.T.TEST@US.NAVY.MIL
vebjmccfxceezgmovadufloariktghzuz,NOLAN KADENCE T,1051,NOLAN.KADENCE.T.TEST@US.NAVY.MIL
czkfzxfmgiqwrckm,NOLAN KADENCE T,1051,NOLAN.KADENCE.T.TEST@US.NAVY.MIL
wajczyclmqraujbx,NOLAN KADENCE T,1051,NOLAN.KADENCE.T.TEST@US.NAVY.MIL
ndmixiggfjtwiylkjfslv,NOLAN KADENCE T,1051,NOLAN.KADENCE.T.TEST@US.NAVY.MIL
vcibgzlxgamuvocwnzfdivbntixignguk,NOLAN KADENCE T,1051,NOLAN.KADENCE.T.TEST@US.NAVY.MIL
kugjwrccjpalzdlx,PAYNE BECKETT Z,4523,PAYNE.BECKETT.Z.TEST@US.NAVY.MIL
ghzgkgigncaeaizg,HUYNH GRIFFIN D,7001,HUYNH.GRIFFIN.D.TEST@US.NAVY.MIL
ultpabzdhuqyvxxd,MURRAY JANAE X,1551,MURRAY.JANAE.X.TEST@US.NAVY.MIL
dflfjrytvtqcgntk,FREY KASEY L,10,FREY.KASEY.L.TEST@US.NAVY.MIL
vvuqebmgvcfurwje,FREY KASEY L,10,FREY.KASEY.L.TEST@US.NAVY.MIL
lkyfawuvnzgruwmw,,,
rjnlmhaqhsrhhcqa,,,
qponkbgbfgskwxsf,,,
ytjyywbyozteurlw,,,
gfwvqphyjjruebva,,,
lnmiqljivudszvwe,,,
xhpkcpffviknpoir,,,
hqqgwkjoyiorv,,,
bhsbdhyxspxfzejo,,,
vsqktsbqcdtbmvku,,,
boyasleltrgekmek,,,
fpzjghtjcmkwpzwi,,,
mrevqfbceclnprocfukzjhlzuwpqudmie,,,
mnonjpnoxmjojqvxlyxop,,,
ljflyugdxrcolpvb,,,
fzvyfzttwmryaxiu,,,
djddvbcllprpbgid,,,
yqjqsmiykiejkfof,,,
xnzlykjmdqckjgmq,,,
gpsionwgvwtoxnzi,,,
lenaetngpakyswzkwszdw,,,
kiexghdeikxlhsrn,,,
mrjoicxctfzjzyyp,,,
mpwcuanemzmiyshv,,,
fcdmnmreqlwzsjdjglbor,,,
vijtnycldnvntnpxaaegf,,,
emsfhcaaoidbydyo,,,
iqcfqkwnqrsmblha,,,
avsjflyrdzpxavxc,,,
kujxoiedqnbunjwd,,,
ugdtujgybafyjhfo,,,
lvnlcdcgcvymxziytfbcfbmncwspcsoec,,,
ghvklyvqomsgnfxp,,,
fovcztjamfqdydlu,,,
mhcmctxzzgoitqob,,,
hrqbeosxozvfnzucflmfg,,,
jdkvggsvdbcghzai,,,
zjajfxzwqpcbglem,,,
poigiihqdpcnywuplaeth,,,
xqvymeixwnyqcbrn,,,
cyqdvbfipmakjzug,,,
khcquhieudhoyahz,,,
syrurywwqqwrdlfk,,,
ajbhxotaxtoxdyghreezbianmifabketh,,,
emevwyvfetvqsgyv,,,
